tau,tau_true,category,TP,FP,FN,TN,N,removed,kept,Precision,Recall,TPR,TNR,FPR,FNR,sample_fp_share_all,sample_fp_share_removed,sample_fn_share_all,sample_fn_share_kept,severity_index_fp,severity_index_fp_t1,severity_ratio_fp,volume_scenario,posts_per_day,days_in_period,n_period_posts,s_fp,loss_share_fp_raw,fp_total_cost_period_raw,fp_total_cost_period,loss_share_fp,fp_denominator_posts_period,eur_per_fp,fp_total_cost_sample
0.5,0.5,META3_ANY,4960,8239,3161,83640,100000,13199,86801,0.37578604439730284,0.6107622214013052,0.6107622214013052,0.9103277136233524,0.08967228637664755,0.38923777859869474,0.08239,0.6242139556026972,0.03161,0.03641663114480248,0.0,0.39999999999920005,0.0,low,1260900000.0,181,228222900000.0,0.06,0.0,0.0,0.0,0.0,18803284731.0,0.0,0.0
0.49,0.5,META3_ANY,4960,8239,3161,83640,100000,13199,86801,0.37578604439730284,0.6107622214013052,0.6107622214013052,0.9103277136233524,0.08967228637664755,0.38923777859869474,0.08239,0.6242139556026972,0.03161,0.03641663114480248,0.01999999999996002,0.39999999999920005,0.05000000000000004,low,1260900000.0,181,228222900000.0,0.06,0.0030000000000000022,241325224.07170314,241325224.07170314,0.0030000000000000022,18803284731.0,0.012834205699913843,105.74102076159015
0.48,0.5,META3_ANY,4993,8359,3128,83520,100000,13352,86648,0.37395146794487716,0.6148257603743381,0.6148257603743381,0.9090216480370923,0.09097835196290774,0.3851742396256619,0.08359,0.6260485320551228,0.03128,0.03610008309482042,0.03999999999992004,0.39999999999920005,0.10000000000000007,low,1260900000.0,181,228222900000.0,0.06,0.0060000000000000045,482650448.1434063,482650448.1434063,0.0060000000000000045,19077152211.0,0.025299921225407383,211.48204152318033
0.47,0.5,META3_ANY,4993,8360,3128,83519,100000,13353,86647,0.37392346289223394,0.6148257603743381,0.6148257603743381,0.9090107641572067,0.09098923584279324,0.3851742396256619,0.0836,0.626076537107766,0.03128,0.03610049972878461,0.05999999999988006,0.39999999999920005,0.15000000000000013,low,1260900000.0,181,228222900000.0,0.06,0.009000000000000008,723975672.2151095,723975672.2151095,0.009000000000000008,19079434439.999996,0.03794534237856107,317.22306228477055
0.46,0.5,META3_ANY,5027,8488,3094,83391,100000,13515,86485,0.37195708472068073,0.6190124368920084,0.6190124368920084,0.9076176275318626,0.09238237246813744,0.38098756310799164,0.08488,0.6280429152793193,0.03094,0.03577498988263861,0.07999999999983996,0.39999999999920005,0.19999999999999987,low,1260900000.0,181,228222900000.0,0.06,0.011999999999999992,965300896.2868111,965300896.2868111,0.011999999999999992,19371559752.0,0.04983082976512253,422.96408304636003
0.45,0.5,META3_ANY,5138,8911,2983,82968,100000,14049,85951,0.36571998006975587,0.6326807043467553,0.6326807043467553,0.9030137463402954,0.0969862536597046,0.36731929565324467,0.08911,0.6342800199302442,0.02983,0.03470582075833906,0.09999999999979998,0.39999999999920005,0.24999999999999992,low,1260900000.0,181,228222900000.0,0.06,0.014999999999999994,1206626120.3585143,1206626120.3585143,0.014999999999999994,20336942619.0,0.059331736483890715,528.7051038079502
0.44,0.5,META3_ANY,5139,8919,2982,82960,100000,14058,85942,0.36555697823303457,0.6328038418913927,0.6328038418913927,0.9029266753012114,0.09707332469878863,0.36719615810860734,0.08919,0.6344430217669654,0.02982,0.03469781945963557,0.11999999999976001,0.39999999999920005,0.3,low,1260900000.0,181,228222900000.0,0.06,0.018,1447951344.4302175,1447951344.4302175,0.018,20355200451.0,0.07113422183759842,634.4461245695403
0.43,0.5,META3_ANY,5143,8955,2978,82924,100000,14098,85902,0.3648035182295361,0.6332963920699421,0.6332963920699421,0.9025348556253333,0.09746514437466668,0.36670360793005785,0.08955,0.635196481770464,0.02978,0.0346674117017066,0.13999999999972002,0.39999999999920005,0.35,low,1260900000.0,181,228222900000.0,0.06,0.020999999999999998,1689276568.5019205,1689276568.5019205,0.020999999999999998,20437360695.0,0.0826562976360838,740.1871453311304
0.42,0.5,META3_ANY,5187,9333,2934,82546,100000,14520,85480,0.35723140495867767,0.6387144440339859,0.6387144440339859,0.8984207490286137,0.10157925097138627,0.361285555966014,0.09333,0.6427685950413223,0.02934,0.0343238184370613,0.15999999999968004,0.39999999999920005,0.4,low,1260900000.0,181,228222900000.0,0.06,0.024,1930601792.5736237,1930601792.5736237,0.024,21300043257.0,0.09063839773842501,845.9281660927206
0.41,0.5,META3_ANY,5187,9355,2934,82524,100000,14542,85458,0.3566909641039747,0.6387144440339859,0.6387144440339859,0.8981813036711327,0.10181869632886731,0.361285555966014,0.09355,0.6433090358960253,0.02934,0.03433265463736573,0.17999999999964006,0.39999999999920005,0.45000000000000007,low,1260900000.0,181,228222900000.0,0.06,0.027000000000000003,2171927016.6453266,2171927016.6453266,0.027000000000000003,21350252295.0,0.10172840051890013,951.6691868543107
0.4,0.5,META3_ANY,5428,10565,2693,81314,100000,15993,84007,0.3393984868379916,0.6683905922915897,0.6683905922915897,0.8850118090096758,0.11498819099032423,0.3316094077084103,0.10565,0.6606015131620083,0.02693,0.03205685240515671,0.19999999999959997,0.39999999999920005,0.49999999999999983,low,1260900000.0,181,228222900000.0,0.06,0.02999999999999999,2413252240.7170286,2413252240.7170286,0.02999999999999999,24111749384.999996,0.10008615311082826,1057.4102076159006
0.39,0.5,META3_ANY,5573,11292,2548,80587,100000,16865,83135,0.3304476726949303,0.6862455362640069,0.6862455362640069,0.8770992283329161,0.12290077166708388,0.3137544637359931,0.11292,0.6695523273050696,0.02548,0.030648944487881156,0.21999999999956,0.39999999999920005,0.5499999999999999,low,1260900000.0,181,228222900000.0,0.06,0.032999999999999995,2654577464.788732,2654577464.788732,0.032999999999999995,25770929868.0,0.10300666209506647,1163.1512283774905
0.38,0.5,META3_ANY,5574,11293,2547,80586,100000,16867,83133,0.33046777731665383,0.6863686738086443,0.6863686738086443,0.8770883444530306,0.12291165554696938,0.31363132619135575,0.11293,0.6695322226833462,0.02547,0.030637652917613944,0.23999999999952001,0.39999999999920005,0.6,low,1260900000.0,181,228222900000.0,0.06,0.036,2895902688.860435,2895902688.860435,0.036,25773212097.0,0.11236095361189061,1268.8922491390806
0.37,0.5,META3_ANY,5575,11303,2546,80576,100000,16878,83122,0.33031164829956156,0.6864918113532816,0.6864918113532816,0.8769795056541756,0.1230204943458244,0.31350818864671837,0.11303,0.6696883517004384,0.02546,0.030629676860518273,0.25999999999948004,0.39999999999920005,0.65,low,1260900000.0,181,228222900000.0,0.06,0.039,3137227912.9321384,3137227912.9321384,0.039,25796034387.0,0.1216166743254597,1374.633269900671
0.36,0.5,META3_ANY,5575,11303,2546,80576,100000,16878,83122,0.33031164829956156,0.6864918113532816,0.6864918113532816,0.8769795056541756,0.1230204943458244,0.31350818864671837,0.11303,0.6696883517004384,0.02546,0.030629676860518273,0.27999999999944003,0.39999999999920005,0.7,low,1260900000.0,181,228222900000.0,0.06,0.041999999999999996,3378553137.003841,3378553137.003841,0.041999999999999996,25796034387.0,0.1309718031197258,1480.3742906622608
0.35,0.5,META3_ANY,5723,12329,2398,79550,100000,18052,81948,0.3170285840904055,0.7047161679596109,0.7047161679596109,0.865812644891651,0.13418735510834903,0.2952838320403891,0.12329,0.6829714159095945,0.02398,0.029262459120417826,0.2999999999994001,0.39999999999920005,0.7500000000000001,low,1260900000.0,181,228222900000.0,0.06,0.045000000000000005,3619878361.0755444,3619878361.0755444,0.045000000000000005,28137601341.0,0.12864914522052487,1586.1153114238512
0.34,0.5,META3_ANY,5912,13306,2209,78573,100000,19218,80782,0.3076282651680716,0.7279891638960719,0.7279891638960719,0.8551790942435159,0.14482090575648407,0.27201083610392807,0.13306,0.6923717348319284,0.02209,0.02734520066351415,0.31999999999935996,0.39999999999920005,0.7999999999999998,low,1260900000.0,181,228222900000.0,0.06,0.04799999999999999,3861203585.147246,3861203585.147246,0.04799999999999999,30367339074.0,0.1271498821723614,1691.8563321854408
0.33,0.5,META3_ANY,6057,14026,2064,77853,100000,20083,79917,0.30159836677787183,0.7458441078684891,0.7458441078684891,0.8473427007259547,0.1526572992740452,0.2541558921315109,0.14026,0.6984016332221281,0.02064,0.02582679530012388,0.33999999999931996,0.39999999999920005,0.8499999999999998,low,1260900000.0,181,228222900000.0,0.06,0.05099999999999998,4102528809.218949,4102528809.218949,0.05099999999999998,32010543954.0,0.12816179616048984,1797.5973529470305
0.32,0.5,META3_ANY,6057,14027,2064,77852,100000,20084,79916,0.3015833499302928,0.7458441078684891,0.7458441078684891,0.8473318168460693,0.15266818315393071,0.2541558921315109,0.14027,0.6984166500697072,0.02064,0.025827118474398118,0.35999999999928,0.39999999999920005,0.8999999999999999,low,1260900000.0,181,228222900000.0,0.06,0.05399999999999999,4343854033.290652,4343854033.290652,0.05399999999999999,32012826183.0,0.1356910510949327,1903.338373708621
0.31,0.5,META3_ANY,6057,14027,2064,77852,100000,20084,79916,0.3015833499302928,0.7458441078684891,0.7458441078684891,0.8473318168460693,0.15266818315393071,0.2541558921315109,0.14027,0.6984166500697072,0.02064,0.025827118474398118,0.37999999999924,0.39999999999920005,0.9499999999999998,low,1260900000.0,181,228222900000.0,0.06,0.05699999999999999,4585179257.362355,4585179257.362355,0.056999999999999995,32012826183.0,0.14322944282242897,2009.0793944702111
0.3,0.5,META3_ANY,6089,14248,2032,77631,100000,20337,79663,0.2994050253233024,0.7497845092968847,0.7497845092968847,0.8449264793913734,0.15507352060862656,0.2502154907031154,0.14248,0.7005949746766976,0.02032,0.025507450133688162,0.39999999999920005,0.39999999999920005,1.0,low,1260900000.0,181,228222900000.0,0.06,0.06,4826504481.434058,4826504481.434058,0.05999999999999999,32517198792.0,0.14842928237168734,2114.8204152318012
0.29,0.5,META3_ANY,6089,14248,2032,77631,100000,20337,79663,0.2994050253233024,0.7497845092968847,0.7497845092968847,0.8449264793913734,0.15507352060862656,0.2502154907031154,0.14248,0.7005949746766976,0.02032,0.025507450133688162,0.41999999999916005,0.39999999999920005,1.05,low,1260900000.0,181,228222900000.0,0.06,0.063,5067829705.505762,5067829705.505762,0.063,32517198792.0,0.15585074649027172,2220.5614359933916
0.28,0.5,META3_ANY,6139,14528,1982,77351,100000,20667,79333,0.2970435960710311,0.7559413865287526,0.7559413865287526,0.8418789930234329,0.158121006976567,0.24405861347124738,0.14528,0.7029564039289689,0.01982,0.024983298249152307,0.43999999999912,0.39999999999920005,1.0999999999999999,low,1260900000.0,181,228222900000.0,0.06,0.06599999999999999,5309154929.577464,5309154929.577464,0.06599999999999999,33156222912.0,0.16012544443522722,2326.302456754981
0.27,0.5,META3_ANY,6139,14528,1982,77351,100000,20667,79333,0.2970435960710311,0.7559413865287526,0.7559413865287526,0.8418789930234329,0.158121006976567,0.24405861347124738,0.14528,0.7029564039289689,0.01982,0.024983298249152307,0.45999999999908,0.39999999999920005,1.1499999999999997,low,1260900000.0,181,228222900000.0,0.06,0.06899999999999998,5550480153.649166,5550480153.649166,0.06899999999999998,33156222912.0,0.16740387372773755,2432.043477516571
0.26,0.5,META3_ANY,6139,14531,1982,77348,100000,20670,79330,0.29700048379293664,0.7559413865287526,0.7559413865287526,0.8418463413837765,0.15815365861622352,0.24405861347124738,0.14531,0.7029995162070634,0.01982,0.024984243035421655,0.47999999999904003,0.39999999999920005,1.2,low,1260900000.0,181,228222900000.0,0.06,0.072,5791805377.72087,5791805377.72087,0.072,33163069599.0,0.1746462389565867,2537.7844982781617
0.25,0.5,META3_ANY,6303,15638,1818,76241,100000,21941,78059,0.2872704070005925,0.7761359438492796,0.7761359438492796,0.8297978863505262,0.17020211364947377,0.22386405615072036,0.15638,0.7127295929994075,0.01818,0.023290075455745015,0.499999999999,0.39999999999920005,1.25,low,1260900000.0,181,228222900000.0,0.06,0.075,6033130601.792573,6033130601.792573,0.075,35689497102.0,0.1690449877887039,2643.5255190397515
0.24,0.5,META3_ANY,6305,15692,1816,76187,100000,21997,78003,0.28662999499931807,0.7763822189385544,0.7763822189385544,0.8292101568367092,0.17078984316329085,0.22361778106144564,0.15692,0.7133700050006819,0.01816,0.023281155852980014,0.5199999999989601,0.39999999999920005,1.3,low,1260900000.0,181,228222900000.0,0.06,0.078,6274455825.864277,6274455825.864277,0.078,35812737468.0,0.17520179325779645,2749.266539801342
0.23,0.5,META3_ANY,6305,15693,1816,76186,100000,21998,78002,0.2866169651786526,0.7763822189385544,0.7763822189385544,0.8291992729568236,0.17080072704317636,0.22361778106144564,0.15693,0.7133830348213474,0.01816,0.023281454321684058,0.53999999999892,0.39999999999920005,1.3499999999999999,low,1260900000.0,181,228222900000.0,0.06,0.08099999999999999,6515781049.935979,6515781049.935979,0.08099999999999999,35815019696.99999,0.18192873004288104,2855.007560562932
0.22,0.5,META3_ANY,6307,15699,1814,76180,100000,22006,77994,0.28660365354903206,0.7766284940278291,0.7766284940278291,0.8291339696775106,0.17086603032248937,0.22337150597217093,0.15699,0.7133963464509679,0.01814,0.023258199348667845,0.5599999999988801,0.39999999999920005,1.4,low,1260900000.0,181,228222900000.0,0.06,0.08399999999999999,6757106274.007682,6757106274.007682,0.08399999999999999,35828713071.0,0.18859472458911533,2960.7485813245216
0.21,0.5,META3_ANY,6307,15699,1814,76180,100000,22006,77994,0.28660365354903206,0.7766284940278291,0.7766284940278291,0.8291339696775106,0.17086603032248937,0.22337150597217093,0.15699,0.7133963464509679,0.01814,0.023258199348667845,0.5799999999988401,0.39999999999920005,1.4500000000000002,low,1260900000.0,181,228222900000.0,0.06,0.08700000000000001,6998431498.079386,6998431498.079386,0.08700000000000001,35828713071.0,0.19533025046729804,3066.489602086112
0.2,0.5,META3_ANY,6404,16535,1717,75344,100000,22939,77061,0.2791752038013863,0.788572835857653,0.788572835857653,0.8200350460932313,0.1799649539067687,0.211427164142347,0.16535,0.7208247961986137,0.01717,0.02228105007721156,0.5999999999988,0.39999999999920005,1.5,low,1260900000.0,181,228222900000.0,0.06,0.09,7239756722.151088,7239756722.151088,0.09,37736656515.0,0.19184944801014223,3172.230622847702
0.19,0.5,META3_ANY,6758,19803,1363,72076,100000,26561,73439,0.25443319152140353,0.8321635266592784,0.8321635266592784,0.7844665266274121,0.21553347337258785,0.16783647334072158,0.19803,0.7455668084785965,0.01363,0.01855962090987078,0.61999999999876,0.39999999999920005,1.5499999999999998,low,1260900000.0,181,228222900000.0,0.06,0.09299999999999999,7481081946.22279,7481081946.22279,0.09299999999999999,45194980887.0,0.1655290432565415,3277.9716436092913
0.18,0.5,META3_ANY,6771,20219,1350,71660,100000,26990,73010,0.25087069284920344,0.8337643147395641,0.8337643147395641,0.7799388325950435,0.22006116740495651,0.16623568526043592,0.20219,0.7491293071507966,0.0135,0.018490617723599508,0.63999999999872,0.39999999999920005,1.5999999999999999,low,1260900000.0,181,228222900000.0,0.06,0.09599999999999999,7722407170.294493,7722407170.294493,0.09599999999999999,46144388151.0,0.16735311659186317,3383.712664370881
0.17,0.5,META3_ANY,6772,20223,1349,71656,100000,26995,73005,0.2508612706056677,0.8338874522842015,0.8338874522842015,0.7798952970755014,0.22010470292449852,0.16611254771579856,0.20223,0.7491387293943322,0.01349,0.018478186425587288,0.65999999999868,0.39999999999920005,1.6499999999999997,low,1260900000.0,181,228222900000.0,0.06,0.09899999999999998,7963732394.366196,7963732394.366196,0.09899999999999998,46153517067.0,0.1725487655210637,3489.4536851324715
0.16,0.5,META3_ANY,6772,20230,1349,71649,100000,27002,72998,0.2507962373157544,0.8338874522842015,0.8338874522842015,0.779819109916303,0.22018089008369704,0.16611254771579856,0.2023,0.7492037626842456,0.01349,0.018479958355023425,0.6799999999986399,0.39999999999920005,1.6999999999999995,low,1260900000.0,181,228222900000.0,0.06,0.10199999999999997,8205057618.437898,8205057618.437898,0.10199999999999997,46169492670.0,0.17771600127998327,3595.1947058940614
0.15,0.5,META3_ANY,6791,20429,1330,71450,100000,27220,72780,0.24948567229977958,0.8362270656323113,0.8362270656323113,0.7776532178190881,0.22234678218091186,0.16377293436768872,0.20429,0.7505143277002204,0.0133,0.01827425116790327,0.6999999999986,0.39999999999920005,1.7499999999999998,low,1260900000.0,181,228222900000.0,0.06,0.10499999999999998,8446382842.509602,8446382842.509602,0.10499999999999998,46623656241.0,0.18116088534219257,3700.935726655652
0.14,0.5,META3_ANY,7145,24387,976,67492,100000,31532,68468,0.2265952048712419,0.8798177564339367,0.8798177564339367,0.7345748212322729,0.26542517876772714,0.12018224356606329,0.24387,0.773404795128758,0.00976,0.014254834375182567,0.71999999999856,0.39999999999920005,1.7999999999999998,low,1260900000.0,181,228222900000.0,0.06,0.10799999999999998,8687708066.581305,8687708066.581305,0.10799999999999998,55656718623.0,0.15609450721356632,3806.676747417242
0.13,0.5,META3_ANY,7145,24394,976,67485,100000,31539,68461,0.22654491264783283,0.8798177564339367,0.8798177564339367,0.7344986340730744,0.26550136592692564,0.12018224356606329,0.24394,0.7734550873521672,0.00976,0.014256291903419465,0.7399999999985201,0.39999999999920005,1.8499999999999999,low,1260900000.0,181,228222900000.0,0.06,0.11099999999999999,8929033290.653008,8929033290.653008,0.11099999999999999,55672694226.0,0.16038442929322094,3912.4177681788315
0.12,0.5,META3_ANY,7164,24914,957,66965,100000,32078,67922,0.2233306315855103,0.8821573697820465,0.8821573697820465,0.7288390165326135,0.27116098346738643,0.11784263021795345,0.24914,0.7766693684144896,0.00957,0.01408969111628044,0.75999999999848,0.39999999999920005,1.8999999999999997,low,1260900000.0,181,228222900000.0,0.06,0.11399999999999998,9170358514.72471,9170358514.72471,0.11399999999999999,56859453306.0,0.1612811587436952,4018.1587889404223
0.11,0.5,META3_ANY,7172,25083,949,66796,100000,32255,67745,0.22235312354673695,0.8831424701391454,0.8831424701391454,0.7269996408319638,0.2730003591680362,0.11685752986085457,0.25083,0.777646876453263,0.00949,0.014008413905085245,0.77999999999844,0.39999999999920005,1.95,low,1260900000.0,181,228222900000.0,0.06,0.11699999999999999,9411683738.796413,9411683738.796413,0.11699999999999998,57245150007.0,0.164410150687797,4123.899809702012
0.1,0.5,META3_ANY,7250,26628,871,65251,100000,33878,66122,0.21400318790955783,0.8927471986208595,0.8927471986208595,0.7101840464088638,0.28981595359113616,0.1072528013791405,0.26628,0.7859968120904421,0.00871,0.013172620307915672,0.7999999999984001,0.39999999999920005,2.0,low,1260900000.0,181,228222900000.0,0.06,0.12,9653008962.868116,9653008962.868116,0.11999999999999998,60771193812.0,0.15884185182753502,4229.6408304636025
0.09,0.5,META3_ANY,7251,26690,870,65189,100000,33941,66059,0.21363542618072537,0.8928703361654968,0.8928703361654968,0.7095092458559628,0.29049075414403724,0.10712966383450313,0.2669,0.7863645738192746,0.0087,0.013170044959808657,0.8199999999983602,0.39999999999920005,2.0500000000000003,low,1260900000.0,181,228222900000.0,0.06,0.12300000000000001,9894334186.939821,9894334186.939821,0.12300000000000001,60912692010.00001,0.1624346890680102,4335.381851225192
0.08,0.5,META3_ANY,7263,27101,858,64778,100000,34364,65636,0.21135490629728787,0.8943479867011451,0.8943479867011451,0.7050359712230215,0.2949640287769784,0.10565201329885482,0.27101,0.7886450937027122,0.00858,0.013072094582241452,0.83999999999832,0.39999999999920005,2.0999999999999996,low,1260900000.0,181,228222900000.0,0.06,0.12599999999999997,10135659411.011522,10135659411.011522,0.12599999999999997,61850688128.99999,0.16387302579191848,4441.122871986783
0.07,0.5,META3_ANY,7277,27522,844,64357,100000,34799,65201,0.20911520445989829,0.8960719123260682,0.8960719123260682,0.7004538577912254,0.29954614220877457,0.10392808767393179,0.27522,0.7908847955401017,0.00844,0.012944586739467186,0.85999999999828,0.39999999999920005,2.15,low,1260900000.0,181,228222900000.0,0.06,0.129,10376984635.083227,10376984635.083227,0.129,62811506538.0,0.16520833852003391,4546.8638927483735
0.06,0.5,META3_ANY,7277,27524,844,64355,100000,34801,65199,0.20910318669003763,0.8960719123260682,0.8960719123260682,0.7004320900314545,0.2995679099685456,0.10392808767393179,0.27524,0.7908968133099623,0.00844,0.012944983818770227,0.8799999999982401,0.39999999999920005,2.1999999999999997,low,1260900000.0,181,228222900000.0,0.06,0.13199999999999998,10618309859.154928,10618309859.154928,0.13199999999999998,62816070996.0,0.16903810905064534,4652.604913509962
0.05,0.5,META3_ANY,7424,30066,697,61813,100000,37490,62510,0.19802614030408108,0.9141731313877601,0.9141731313877601,0.6727652673625094,0.3272347326374906,0.08582686861223987,0.30066,0.801973859695919,0.00697,0.011150215965445529,0.8999999999982,0.39999999999920005,2.2499999999999996,low,1260900000.0,181,228222900000.0,0.06,0.13499999999999998,10859635083.226631,10859635083.226631,0.13499999999999998,68617497114.0,0.1582633517684944,4758.345934271552
0.04,0.5,META3_ANY,7485,31524,636,60355,100000,39009,60991,0.19187879720064602,0.9216845216106391,0.9216845216106391,0.656896570489448,0.3431034295105519,0.07831547838936091,0.31524,0.808121202799354,0.00636,0.010427768031348887,0.9199999999981601,0.39999999999920005,2.3,low,1260900000.0,181,228222900000.0,0.06,0.13799999999999998,11100960307.298334,11100960307.298334,0.13799999999999998,71944986996.0,0.15429789858625628,4864.086955033143
0.03,0.5,META3_ANY,7507,32239,614,59640,100000,39746,60254,0.18887435213606402,0.924393547592661,0.924393547592661,0.6491145963713144,0.35088540362868553,0.075606452407339,0.32239,0.811125647863936,0.00614,0.010190194841836227,0.93999999999812,0.39999999999920005,2.3499999999999996,low,1260900000.0,181,228222900000.0,0.06,0.141,11342285531.370037,11342285531.370037,0.141,73576780731.0,0.1541557733116639,4969.827975794733
0.02,0.5,META3_ANY,7771,39752,350,52127,100000,47523,52477,0.16352082149695937,0.9569018593769241,0.9569018593769241,0.5673440067915411,0.43265599320845893,0.04309814062307597,0.39752,0.8364791785030407,0.0035,0.006669588581664348,0.9599999999980801,0.39999999999920005,2.4,low,1260900000.0,181,228222900000.0,0.06,0.144,11583610755.44174,11583610755.44174,0.144,90723167208.0,0.1276808461601007,5075.568996556323
0.01,0.5,META3_ANY,7858,44406,263,47473,100000,52264,47736,0.1503520587785091,0.9676148257603744,0.9676148257603744,0.5166904298044167,0.48330957019558335,0.03238517423962566,0.44406,0.8496479412214909,0.00263,0.0055094687447628625,0.97999999999804,0.39999999999920005,2.4499999999999997,low,1260900000.0,181,228222900000.0,0.06,0.147,11824935979.513443,11824935979.513443,0.147,101344660974.0,0.11668040393906033,5181.310017317913
0.0,0.5,META3_ANY,8121,91879,0,0,100000,100000,0,0.08121,1.0,1.0,0.0,1.0,0.0,0.91879,0.91879,0.0,,0.999999999998,0.39999999999920005,2.5,low,1260900000.0,181,228222900000.0,0.06,0.15,12066261203.585146,12066261203.585146,0.15,209688918291.0,0.05754362844697377,5287.051038079503
0.5,0.5,META3_ANY,4960,8239,3161,83640,100000,13199,86801,0.37578604439730284,0.6107622214013052,0.6107622214013052,0.9103277136233524,0.08967228637664755,0.38923777859869474,0.08239,0.6242139556026972,0.03161,0.03641663114480248,0.0,0.39999999999920005,0.0,low,1260900000.0,181,228222900000.0,0.12,0.0,0.0,0.0,0.0,18803284731.0,0.0,0.0
0.49,0.5,META3_ANY,4960,8239,3161,83640,100000,13199,86801,0.37578604439730284,0.6107622214013052,0.6107622214013052,0.9103277136233524,0.08967228637664755,0.38923777859869474,0.08239,0.6242139556026972,0.03161,0.03641663114480248,0.01999999999996002,0.39999999999920005,0.05000000000000004,low,1260900000.0,181,228222900000.0,0.12,0.0060000000000000045,482650448.1434063,482650448.1434063,0.0060000000000000045,18803284731.0,0.025668411399827687,211.4820415231803
0.48,0.5,META3_ANY,4993,8359,3128,83520,100000,13352,86648,0.37395146794487716,0.6148257603743381,0.6148257603743381,0.9090216480370923,0.09097835196290774,0.3851742396256619,0.08359,0.6260485320551228,0.03128,0.03610008309482042,0.03999999999992004,0.39999999999920005,0.10000000000000007,low,1260900000.0,181,228222900000.0,0.12,0.012000000000000009,965300896.2868125,965300896.2868125,0.012000000000000009,19077152211.0,0.050599842450814767,422.96408304636066
0.47,0.5,META3_ANY,4993,8360,3128,83519,100000,13353,86647,0.37392346289223394,0.6148257603743381,0.6148257603743381,0.9090107641572067,0.09098923584279324,0.3851742396256619,0.0836,0.626076537107766,0.03128,0.03610049972878461,0.05999999999988006,0.39999999999920005,0.15000000000000013,low,1260900000.0,181,228222900000.0,0.12,0.018000000000000016,1447951344.430219,1447951344.430219,0.018000000000000016,19079434439.999996,0.07589068475712214,634.4461245695411
0.46,0.5,META3_ANY,5027,8488,3094,83391,100000,13515,86485,0.37195708472068073,0.6190124368920084,0.6190124368920084,0.9076176275318626,0.09238237246813744,0.38098756310799164,0.08488,0.6280429152793193,0.03094,0.03577498988263861,0.07999999999983996,0.39999999999920005,0.19999999999999987,low,1260900000.0,181,228222900000.0,0.12,0.023999999999999983,1930601792.5736222,1930601792.5736222,0.023999999999999983,19371559752.0,0.09966165953024506,845.9281660927201
0.45,0.5,META3_ANY,5138,8911,2983,82968,100000,14049,85951,0.36571998006975587,0.6326807043467553,0.6326807043467553,0.9030137463402954,0.0969862536597046,0.36731929565324467,0.08911,0.6342800199302442,0.02983,0.03470582075833906,0.09999999999979998,0.39999999999920005,0.24999999999999992,low,1260900000.0,181,228222900000.0,0.12,0.02999999999999999,2413252240.7170286,2413252240.7170286,0.02999999999999999,20336942619.0,0.11866347296778143,1057.4102076159004
0.44,0.5,META3_ANY,5139,8919,2982,82960,100000,14058,85942,0.36555697823303457,0.6328038418913927,0.6328038418913927,0.9029266753012114,0.09707332469878863,0.36719615810860734,0.08919,0.6344430217669654,0.02982,0.03469781945963557,0.11999999999976001,0.39999999999920005,0.3,low,1260900000.0,181,228222900000.0,0.12,0.036,2895902688.860435,2895902688.860435,0.036,20355200451.0,0.14226844367519684,1268.8922491390806
0.43,0.5,META3_ANY,5143,8955,2978,82924,100000,14098,85902,0.3648035182295361,0.6332963920699421,0.6332963920699421,0.9025348556253333,0.09746514437466668,0.36670360793005785,0.08955,0.635196481770464,0.02978,0.0346674117017066,0.13999999999972002,0.39999999999920005,0.35,low,1260900000.0,181,228222900000.0,0.12,0.041999999999999996,3378553137.003841,3378553137.003841,0.041999999999999996,20437360695.0,0.1653125952721676,1480.3742906622608
0.42,0.5,META3_ANY,5187,9333,2934,82546,100000,14520,85480,0.35723140495867767,0.6387144440339859,0.6387144440339859,0.8984207490286137,0.10157925097138627,0.361285555966014,0.09333,0.6427685950413223,0.02934,0.0343238184370613,0.15999999999968004,0.39999999999920005,0.4,low,1260900000.0,181,228222900000.0,0.12,0.048,3861203585.1472473,3861203585.1472473,0.048,21300043257.0,0.18127679547685002,1691.8563321854413
0.41,0.5,META3_ANY,5187,9355,2934,82524,100000,14542,85458,0.3566909641039747,0.6387144440339859,0.6387144440339859,0.8981813036711327,0.10181869632886731,0.361285555966014,0.09355,0.6433090358960253,0.02934,0.03433265463736573,0.17999999999964006,0.39999999999920005,0.45000000000000007,low,1260900000.0,181,228222900000.0,0.12,0.054000000000000006,4343854033.290653,4343854033.290653,0.054000000000000006,21350252295.0,0.20345680103780026,1903.3383737086215
0.4,0.5,META3_ANY,5428,10565,2693,81314,100000,15993,84007,0.3393984868379916,0.6683905922915897,0.6683905922915897,0.8850118090096758,0.11498819099032423,0.3316094077084103,0.10565,0.6606015131620083,0.02693,0.03205685240515671,0.19999999999959997,0.39999999999920005,0.49999999999999983,low,1260900000.0,181,228222900000.0,0.12,0.05999999999999998,4826504481.434057,4826504481.434057,0.05999999999999998,24111749384.999996,0.20017230622165652,2114.8204152318012
0.39,0.5,META3_ANY,5573,11292,2548,80587,100000,16865,83135,0.3304476726949303,0.6862455362640069,0.6862455362640069,0.8770992283329161,0.12290077166708388,0.3137544637359931,0.11292,0.6695523273050696,0.02548,0.030648944487881156,0.21999999999956,0.39999999999920005,0.5499999999999999,low,1260900000.0,181,228222900000.0,0.12,0.06599999999999999,5309154929.577464,5309154929.577464,0.06599999999999999,25770929868.0,0.20601332419013293,2326.302456754981
0.38,0.5,META3_ANY,5574,11293,2547,80586,100000,16867,83133,0.33046777731665383,0.6863686738086443,0.6863686738086443,0.8770883444530306,0.12291165554696938,0.31363132619135575,0.11293,0.6695322226833462,0.02547,0.030637652917613944,0.23999999999952001,0.39999999999920005,0.6,low,1260900000.0,181,228222900000.0,0.12,0.072,5791805377.72087,5791805377.72087,0.072,25773212097.0,0.22472190722378121,2537.784498278161
0.37,0.5,META3_ANY,5575,11303,2546,80576,100000,16878,83122,0.33031164829956156,0.6864918113532816,0.6864918113532816,0.8769795056541756,0.1230204943458244,0.31350818864671837,0.11303,0.6696883517004384,0.02546,0.030629676860518273,0.25999999999948004,0.39999999999920005,0.65,low,1260900000.0,181,228222900000.0,0.12,0.078,6274455825.864277,6274455825.864277,0.078,25796034387.0,0.2432333486509194,2749.266539801342
0.36,0.5,META3_ANY,5575,11303,2546,80576,100000,16878,83122,0.33031164829956156,0.6864918113532816,0.6864918113532816,0.8769795056541756,0.1230204943458244,0.31350818864671837,0.11303,0.6696883517004384,0.02546,0.030629676860518273,0.27999999999944003,0.39999999999920005,0.7,low,1260900000.0,181,228222900000.0,0.12,0.08399999999999999,6757106274.007682,6757106274.007682,0.08399999999999999,25796034387.0,0.2619436062394516,2960.7485813245216
0.35,0.5,META3_ANY,5723,12329,2398,79550,100000,18052,81948,0.3170285840904055,0.7047161679596109,0.7047161679596109,0.865812644891651,0.13418735510834903,0.2952838320403891,0.12329,0.6829714159095945,0.02398,0.029262459120417826,0.2999999999994001,0.39999999999920005,0.7500000000000001,low,1260900000.0,181,228222900000.0,0.12,0.09000000000000001,7239756722.151089,7239756722.151089,0.09000000000000001,28137601341.0,0.25729829044104974,3172.2306228477023
0.34,0.5,META3_ANY,5912,13306,2209,78573,100000,19218,80782,0.3076282651680716,0.7279891638960719,0.7279891638960719,0.8551790942435159,0.14482090575648407,0.27201083610392807,0.13306,0.6923717348319284,0.02209,0.02734520066351415,0.31999999999935996,0.39999999999920005,0.7999999999999998,low,1260900000.0,181,228222900000.0,0.12,0.09599999999999997,7722407170.294492,7722407170.294492,0.09599999999999997,30367339074.0,0.2542997643447228,3383.7126643708816
0.33,0.5,META3_ANY,6057,14026,2064,77853,100000,20083,79917,0.30159836677787183,0.7458441078684891,0.7458441078684891,0.8473427007259547,0.1526572992740452,0.2541558921315109,0.14026,0.6984016332221281,0.02064,0.02582679530012388,0.33999999999931996,0.39999999999920005,0.8499999999999998,low,1260900000.0,181,228222900000.0,0.12,0.10199999999999997,8205057618.437898,8205057618.437898,0.10199999999999997,32010543954.0,0.2563235923209797,3595.194705894061
0.32,0.5,META3_ANY,6057,14027,2064,77852,100000,20084,79916,0.3015833499302928,0.7458441078684891,0.7458441078684891,0.8473318168460693,0.15266818315393071,0.2541558921315109,0.14027,0.6984166500697072,0.02064,0.025827118474398118,0.35999999999928,0.39999999999920005,0.8999999999999999,low,1260900000.0,181,228222900000.0,0.12,0.10799999999999998,8687708066.581305,8687708066.581305,0.10799999999999998,32012826183.0,0.2713821021898654,3806.676747417242
0.31,0.5,META3_ANY,6057,14027,2064,77852,100000,20084,79916,0.3015833499302928,0.7458441078684891,0.7458441078684891,0.8473318168460693,0.15266818315393071,0.2541558921315109,0.14027,0.6984166500697072,0.02064,0.025827118474398118,0.37999999999924,0.39999999999920005,0.9499999999999998,low,1260900000.0,181,228222900000.0,0.12,0.11399999999999998,9170358514.72471,9170358514.72471,0.11399999999999999,32012826183.0,0.28645888564485794,4018.1587889404223
0.3,0.5,META3_ANY,6089,14248,2032,77631,100000,20337,79663,0.2994050253233024,0.7497845092968847,0.7497845092968847,0.8449264793913734,0.15507352060862656,0.2502154907031154,0.14248,0.7005949746766976,0.02032,0.025507450133688162,0.39999999999920005,0.39999999999920005,1.0,low,1260900000.0,181,228222900000.0,0.12,0.12,9653008962.868116,9653008962.868116,0.11999999999999998,32517198792.0,0.2968585647433747,4229.6408304636025
0.29,0.5,META3_ANY,6089,14248,2032,77631,100000,20337,79663,0.2994050253233024,0.7497845092968847,0.7497845092968847,0.8449264793913734,0.15507352060862656,0.2502154907031154,0.14248,0.7005949746766976,0.02032,0.025507450133688162,0.41999999999916005,0.39999999999920005,1.05,low,1260900000.0,181,228222900000.0,0.12,0.126,10135659411.011524,10135659411.011524,0.126,32517198792.0,0.31170149298054345,4441.122871986783
0.28,0.5,META3_ANY,6139,14528,1982,77351,100000,20667,79333,0.2970435960710311,0.7559413865287526,0.7559413865287526,0.8418789930234329,0.158121006976567,0.24405861347124738,0.14528,0.7029564039289689,0.01982,0.024983298249152307,0.43999999999912,0.39999999999920005,1.0999999999999999,low,1260900000.0,181,228222900000.0,0.12,0.13199999999999998,10618309859.154928,10618309859.154928,0.13199999999999998,33156222912.0,0.32025088887045444,4652.604913509962
0.27,0.5,META3_ANY,6139,14528,1982,77351,100000,20667,79333,0.2970435960710311,0.7559413865287526,0.7559413865287526,0.8418789930234329,0.158121006976567,0.24405861347124738,0.14528,0.7029564039289689,0.01982,0.024983298249152307,0.45999999999908,0.39999999999920005,1.1499999999999997,low,1260900000.0,181,228222900000.0,0.12,0.13799999999999996,11100960307.298332,11100960307.298332,0.13799999999999996,33156222912.0,0.3348077474554751,4864.086955033142
0.26,0.5,META3_ANY,6139,14531,1982,77348,100000,20670,79330,0.29700048379293664,0.7559413865287526,0.7559413865287526,0.8418463413837765,0.15815365861622352,0.24405861347124738,0.14531,0.7029995162070634,0.01982,0.024984243035421655,0.47999999999904003,0.39999999999920005,1.2,low,1260900000.0,181,228222900000.0,0.12,0.144,11583610755.44174,11583610755.44174,0.144,33163069599.0,0.3492924779131734,5075.568996556323
0.25,0.5,META3_ANY,6303,15638,1818,76241,100000,21941,78059,0.2872704070005925,0.7761359438492796,0.7761359438492796,0.8297978863505262,0.17020211364947377,0.22386405615072036,0.15638,0.7127295929994075,0.01818,0.023290075455745015,0.499999999999,0.39999999999920005,1.25,low,1260900000.0,181,228222900000.0,0.12,0.15,12066261203.585146,12066261203.585146,0.15,35689497102.0,0.3380899755774078,5287.051038079503
0.24,0.5,META3_ANY,6305,15692,1816,76187,100000,21997,78003,0.28662999499931807,0.7763822189385544,0.7763822189385544,0.8292101568367092,0.17078984316329085,0.22361778106144564,0.15692,0.7133700050006819,0.01816,0.023281155852980014,0.5199999999989601,0.39999999999920005,1.3,low,1260900000.0,181,228222900000.0,0.12,0.156,12548911651.728554,12548911651.728554,0.156,35812737468.0,0.3504035865155929,5498.533079602684
0.23,0.5,META3_ANY,6305,15693,1816,76186,100000,21998,78002,0.2866169651786526,0.7763822189385544,0.7763822189385544,0.8291992729568236,0.17080072704317636,0.22361778106144564,0.15693,0.7133830348213474,0.01816,0.023281454321684058,0.53999999999892,0.39999999999920005,1.3499999999999999,low,1260900000.0,181,228222900000.0,0.12,0.16199999999999998,13031562099.871958,13031562099.871958,0.16199999999999998,35815019696.99999,0.3638574600857621,5710.015121125864
0.22,0.5,META3_ANY,6307,15699,1814,76180,100000,22006,77994,0.28660365354903206,0.7766284940278291,0.7766284940278291,0.8291339696775106,0.17086603032248937,0.22337150597217093,0.15699,0.7133963464509679,0.01814,0.023258199348667845,0.5599999999988801,0.39999999999920005,1.4,low,1260900000.0,181,228222900000.0,0.12,0.16799999999999998,13514212548.015364,13514212548.015364,0.16799999999999998,35828713071.0,0.37718944917823066,5921.497162649043
0.21,0.5,META3_ANY,6307,15699,1814,76180,100000,22006,77994,0.28660365354903206,0.7766284940278291,0.7766284940278291,0.8291339696775106,0.17086603032248937,0.22337150597217093,0.15699,0.7133963464509679,0.01814,0.023258199348667845,0.5799999999988401,0.39999999999920005,1.4500000000000002,low,1260900000.0,181,228222900000.0,0.12,0.17400000000000002,13996862996.158772,13996862996.158772,0.17400000000000002,35828713071.0,0.3906605009345961,6132.979204172224
0.2,0.5,META3_ANY,6404,16535,1717,75344,100000,22939,77061,0.2791752038013863,0.788572835857653,0.788572835857653,0.8200350460932313,0.1799649539067687,0.211427164142347,0.16535,0.7208247961986137,0.01717,0.02228105007721156,0.5999999999988,0.39999999999920005,1.5,low,1260900000.0,181,228222900000.0,0.12,0.18,14479513444.302176,14479513444.302176,0.18,37736656515.0,0.38369889602028445,6344.461245695404
0.19,0.5,META3_ANY,6758,19803,1363,72076,100000,26561,73439,0.25443319152140353,0.8321635266592784,0.8321635266592784,0.7844665266274121,0.21553347337258785,0.16783647334072158,0.19803,0.7455668084785965,0.01363,0.01855962090987078,0.61999999999876,0.39999999999920005,1.5499999999999998,low,1260900000.0,181,228222900000.0,0.12,0.18599999999999997,14962163892.44558,14962163892.44558,0.18599999999999997,45194980887.0,0.331058086513083,6555.943287218583
0.18,0.5,META3_ANY,6771,20219,1350,71660,100000,26990,73010,0.25087069284920344,0.8337643147395641,0.8337643147395641,0.7799388325950435,0.22006116740495651,0.16623568526043592,0.20219,0.7491293071507966,0.0135,0.018490617723599508,0.63999999999872,0.39999999999920005,1.5999999999999999,low,1260900000.0,181,228222900000.0,0.12,0.19199999999999998,15444814340.588985,15444814340.588985,0.19199999999999998,46144388151.0,0.33470623318372633,6767.425328741762
0.17,0.5,META3_ANY,6772,20223,1349,71656,100000,26995,73005,0.2508612706056677,0.8338874522842015,0.8338874522842015,0.7798952970755014,0.22010470292449852,0.16611254771579856,0.20223,0.7491387293943322,0.01349,0.018478186425587288,0.65999999999868,0.39999999999920005,1.6499999999999997,low,1260900000.0,181,228222900000.0,0.12,0.19799999999999995,15927464788.732391,15927464788.732391,0.19799999999999995,46153517067.0,0.3450975310421274,6978.907370264943
0.16,0.5,META3_ANY,6772,20230,1349,71649,100000,27002,72998,0.2507962373157544,0.8338874522842015,0.8338874522842015,0.779819109916303,0.22018089008369704,0.16611254771579856,0.2023,0.7492037626842456,0.01349,0.018479958355023425,0.6799999999986399,0.39999999999920005,1.6999999999999995,low,1260900000.0,181,228222900000.0,0.12,0.20399999999999993,16410115236.875795,16410115236.875795,0.20399999999999993,46169492670.0,0.35543200255996654,7190.389411788123
0.15,0.5,META3_ANY,6791,20429,1330,71450,100000,27220,72780,0.24948567229977958,0.8362270656323113,0.8362270656323113,0.7776532178190881,0.22234678218091186,0.16377293436768872,0.20429,0.7505143277002204,0.0133,0.01827425116790327,0.6999999999986,0.39999999999920005,1.7499999999999998,low,1260900000.0,181,228222900000.0,0.12,0.20999999999999996,16892765685.019203,16892765685.019203,0.20999999999999996,46623656241.0,0.36232177068438515,7401.871453311304
0.14,0.5,META3_ANY,7145,24387,976,67492,100000,31532,68468,0.2265952048712419,0.8798177564339367,0.8798177564339367,0.7345748212322729,0.26542517876772714,0.12018224356606329,0.24387,0.773404795128758,0.00976,0.014254834375182567,0.71999999999856,0.39999999999920005,1.7999999999999998,low,1260900000.0,181,228222900000.0,0.12,0.21599999999999997,17375416133.16261,17375416133.16261,0.21599999999999997,55656718623.0,0.31218901442713265,7613.353494834484
0.13,0.5,META3_ANY,7145,24394,976,67485,100000,31539,68461,0.22654491264783283,0.8798177564339367,0.8798177564339367,0.7344986340730744,0.26550136592692564,0.12018224356606329,0.24394,0.7734550873521672,0.00976,0.014256291903419465,0.7399999999985201,0.39999999999920005,1.8499999999999999,low,1260900000.0,181,228222900000.0,0.12,0.22199999999999998,17858066581.306015,17858066581.306015,0.22199999999999998,55672694226.0,0.3207688585864419,7824.835536357663
0.12,0.5,META3_ANY,7164,24914,957,66965,100000,32078,67922,0.2233306315855103,0.8821573697820465,0.8821573697820465,0.7288390165326135,0.27116098346738643,0.11784263021795345,0.24914,0.7766693684144896,0.00957,0.01408969111628044,0.75999999999848,0.39999999999920005,1.8999999999999997,low,1260900000.0,181,228222900000.0,0.12,0.22799999999999995,18340717029.44942,18340717029.44942,0.22799999999999998,56859453306.0,0.3225623174873904,8036.3175778808445
0.11,0.5,META3_ANY,7172,25083,949,66796,100000,32255,67745,0.22235312354673695,0.8831424701391454,0.8831424701391454,0.7269996408319638,0.2730003591680362,0.11685752986085457,0.25083,0.777646876453263,0.00949,0.014008413905085245,0.77999999999844,0.39999999999920005,1.95,low,1260900000.0,181,228222900000.0,0.12,0.23399999999999999,18823367477.592827,18823367477.592827,0.23399999999999996,57245150007.0,0.328820301375594,8247.799619404024
0.1,0.5,META3_ANY,7250,26628,871,65251,100000,33878,66122,0.21400318790955783,0.8927471986208595,0.8927471986208595,0.7101840464088638,0.28981595359113616,0.1072528013791405,0.26628,0.7859968120904421,0.00871,0.013172620307915672,0.7999999999984001,0.39999999999920005,2.0,low,1260900000.0,181,228222900000.0,0.12,0.24,19306017925.736233,19306017925.736233,0.23999999999999996,60771193812.0,0.31768370365507004,8459.281660927205
0.09,0.5,META3_ANY,7251,26690,870,65189,100000,33941,66059,0.21363542618072537,0.8928703361654968,0.8928703361654968,0.7095092458559628,0.29049075414403724,0.10712966383450313,0.2669,0.7863645738192746,0.0087,0.013170044959808657,0.8199999999983602,0.39999999999920005,2.0500000000000003,low,1260900000.0,181,228222900000.0,0.12,0.24600000000000002,19788668373.879642,19788668373.879642,0.24600000000000002,60912692010.00001,0.3248693781360204,8670.763702450384
0.08,0.5,META3_ANY,7263,27101,858,64778,100000,34364,65636,0.21135490629728787,0.8943479867011451,0.8943479867011451,0.7050359712230215,0.2949640287769784,0.10565201329885482,0.27101,0.7886450937027122,0.00858,0.013072094582241452,0.83999999999832,0.39999999999920005,2.0999999999999996,low,1260900000.0,181,228222900000.0,0.12,0.25199999999999995,20271318822.023045,20271318822.023045,0.25199999999999995,61850688128.99999,0.32774605158383696,8882.245743973566
0.07,0.5,META3_ANY,7277,27522,844,64357,100000,34799,65201,0.20911520445989829,0.8960719123260682,0.8960719123260682,0.7004538577912254,0.29954614220877457,0.10392808767393179,0.27522,0.7908847955401017,0.00844,0.012944586739467186,0.85999999999828,0.39999999999920005,2.15,low,1260900000.0,181,228222900000.0,0.12,0.258,20753969270.166454,20753969270.166454,0.258,62811506538.0,0.33041667704006783,9093.727785496747
0.06,0.5,META3_ANY,7277,27524,844,64355,100000,34801,65199,0.20910318669003763,0.8960719123260682,0.8960719123260682,0.7004320900314545,0.2995679099685456,0.10392808767393179,0.27524,0.7908968133099623,0.00844,0.012944983818770227,0.8799999999982401,0.39999999999920005,2.1999999999999997,low,1260900000.0,181,228222900000.0,0.12,0.26399999999999996,21236619718.309856,21236619718.309856,0.26399999999999996,62816070996.0,0.3380762181012907,9305.209827019924
0.05,0.5,META3_ANY,7424,30066,697,61813,100000,37490,62510,0.19802614030408108,0.9141731313877601,0.9141731313877601,0.6727652673625094,0.3272347326374906,0.08582686861223987,0.30066,0.801973859695919,0.00697,0.011150215965445529,0.8999999999982,0.39999999999920005,2.2499999999999996,low,1260900000.0,181,228222900000.0,0.12,0.26999999999999996,21719270166.453262,21719270166.453262,0.26999999999999996,68617497114.0,0.3165267035369888,9516.691868543105
0.04,0.5,META3_ANY,7485,31524,636,60355,100000,39009,60991,0.19187879720064602,0.9216845216106391,0.9216845216106391,0.656896570489448,0.3431034295105519,0.07831547838936091,0.31524,0.808121202799354,0.00636,0.010427768031348887,0.9199999999981601,0.39999999999920005,2.3,low,1260900000.0,181,228222900000.0,0.12,0.27599999999999997,22201920614.59667,22201920614.59667,0.27599999999999997,71944986996.0,0.30859579717251256,9728.173910066285
0.03,0.5,META3_ANY,7507,32239,614,59640,100000,39746,60254,0.18887435213606402,0.924393547592661,0.924393547592661,0.6491145963713144,0.35088540362868553,0.075606452407339,0.32239,0.811125647863936,0.00614,0.010190194841836227,0.93999999999812,0.39999999999920005,2.3499999999999996,low,1260900000.0,181,228222900000.0,0.12,0.282,22684571062.740074,22684571062.740074,0.282,73576780731.0,0.3083115466233278,9939.655951589466
0.02,0.5,META3_ANY,7771,39752,350,52127,100000,47523,52477,0.16352082149695937,0.9569018593769241,0.9569018593769241,0.5673440067915411,0.43265599320845893,0.04309814062307597,0.39752,0.8364791785030407,0.0035,0.006669588581664348,0.9599999999980801,0.39999999999920005,2.4,low,1260900000.0,181,228222900000.0,0.12,0.288,23167221510.88348,23167221510.88348,0.288,90723167208.0,0.2553616923202014,10151.137993112647
0.01,0.5,META3_ANY,7858,44406,263,47473,100000,52264,47736,0.1503520587785091,0.9676148257603744,0.9676148257603744,0.5166904298044167,0.48330957019558335,0.03238517423962566,0.44406,0.8496479412214909,0.00263,0.0055094687447628625,0.97999999999804,0.39999999999920005,2.4499999999999997,low,1260900000.0,181,228222900000.0,0.12,0.294,23649871959.026886,23649871959.026886,0.294,101344660974.0,0.23336080787812066,10362.620034635826
0.0,0.5,META3_ANY,8121,91879,0,0,100000,100000,0,0.08121,1.0,1.0,0.0,1.0,0.0,0.91879,0.91879,0.0,,0.999999999998,0.39999999999920005,2.5,low,1260900000.0,181,228222900000.0,0.12,0.3,24132522407.17029,24132522407.17029,0.3,209688918291.0,0.11508725689394754,10574.102076159006
0.5,0.5,META3_ANY,4960,8239,3161,83640,100000,13199,86801,0.37578604439730284,0.6107622214013052,0.6107622214013052,0.9103277136233524,0.08967228637664755,0.38923777859869474,0.08239,0.6242139556026972,0.03161,0.03641663114480248,0.0,0.39999999999920005,0.0,low,1260900000.0,181,228222900000.0,0.27,0.0,0.0,0.0,0.0,18803284731.0,0.0,0.0
0.49,0.5,META3_ANY,4960,8239,3161,83640,100000,13199,86801,0.37578604439730284,0.6107622214013052,0.6107622214013052,0.9103277136233524,0.08967228637664755,0.38923777859869474,0.08239,0.6242139556026972,0.03161,0.03641663114480248,0.01999999999996002,0.39999999999920005,0.05000000000000004,low,1260900000.0,181,228222900000.0,0.27,0.01350000000000001,1085963508.322664,1085963508.322664,0.01350000000000001,18803284731.0,0.05775392564961229,475.83459342715565
0.48,0.5,META3_ANY,4993,8359,3128,83520,100000,13352,86648,0.37395146794487716,0.6148257603743381,0.6148257603743381,0.9090216480370923,0.09097835196290774,0.3851742396256619,0.08359,0.6260485320551228,0.03128,0.03610008309482042,0.03999999999992004,0.39999999999920005,0.10000000000000007,low,1260900000.0,181,228222900000.0,0.27,0.02700000000000002,2171927016.645328,2171927016.645328,0.02700000000000002,19077152211.0,0.11384964551433321,951.6691868543113
0.47,0.5,META3_ANY,4993,8360,3128,83519,100000,13353,86647,0.37392346289223394,0.6148257603743381,0.6148257603743381,0.9090107641572067,0.09098923584279324,0.3851742396256619,0.0836,0.626076537107766,0.03128,0.03610049972878461,0.05999999999988006,0.39999999999920005,0.15000000000000013,low,1260900000.0,181,228222900000.0,0.27,0.040500000000000036,3257890524.967993,3257890524.967993,0.040500000000000036,19079434439.999996,0.17075404070352482,1427.5037802814675
0.46,0.5,META3_ANY,5027,8488,3094,83391,100000,13515,86485,0.37195708472068073,0.6190124368920084,0.6190124368920084,0.9076176275318626,0.09238237246813744,0.38098756310799164,0.08488,0.6280429152793193,0.03094,0.03577498988263861,0.07999999999983996,0.39999999999920005,0.19999999999999987,low,1260900000.0,181,228222900000.0,0.27,0.05399999999999997,4343854033.29065,4343854033.29065,0.053999999999999965,19371559752.0,0.22423873394305138,1903.33837370862
0.45,0.5,META3_ANY,5138,8911,2983,82968,100000,14049,85951,0.36571998006975587,0.6326807043467553,0.6326807043467553,0.9030137463402954,0.0969862536597046,0.36731929565324467,0.08911,0.6342800199302442,0.02983,0.03470582075833906,0.09999999999979998,0.39999999999920005,0.24999999999999992,low,1260900000.0,181,228222900000.0,0.27,0.06749999999999998,5429817541.613315,5429817541.613315,0.06749999999999998,20336942619.0,0.26699281417750825,2379.172967135776
0.44,0.5,META3_ANY,5139,8919,2982,82960,100000,14058,85942,0.36555697823303457,0.6328038418913927,0.6328038418913927,0.9029266753012114,0.09707332469878863,0.36719615810860734,0.08919,0.6344430217669654,0.02982,0.03469781945963557,0.11999999999976001,0.39999999999920005,0.3,low,1260900000.0,181,228222900000.0,0.27,0.081,6515781049.93598,6515781049.93598,0.081,20355200451.0,0.32010399826919295,2855.0075605629318
0.43,0.5,META3_ANY,5143,8955,2978,82924,100000,14098,85902,0.3648035182295361,0.6332963920699421,0.6332963920699421,0.9025348556253333,0.09746514437466668,0.36670360793005785,0.08955,0.635196481770464,0.02978,0.0346674117017066,0.13999999999972002,0.39999999999920005,0.35,low,1260900000.0,181,228222900000.0,0.27,0.0945,7601744558.258643,7601744558.258643,0.0945,20437360695.0,0.3719533393623772,3330.842153990088
0.42,0.5,META3_ANY,5187,9333,2934,82546,100000,14520,85480,0.35723140495867767,0.6387144440339859,0.6387144440339859,0.8984207490286137,0.10157925097138627,0.361285555966014,0.09333,0.6427685950413223,0.02934,0.0343238184370613,0.15999999999968004,0.39999999999920005,0.4,low,1260900000.0,181,228222900000.0,0.27,0.10800000000000001,8687708066.581306,8687708066.581306,0.10800000000000001,21300043257.0,0.40787278982291253,3806.6767474172425
0.41,0.5,META3_ANY,5187,9355,2934,82524,100000,14542,85458,0.3566909641039747,0.6387144440339859,0.6387144440339859,0.8981813036711327,0.10181869632886731,0.361285555966014,0.09355,0.6433090358960253,0.02934,0.03433265463736573,0.17999999999964006,0.39999999999920005,0.45000000000000007,low,1260900000.0,181,228222900000.0,0.27,0.12150000000000002,9773671574.90397,9773671574.90397,0.12150000000000002,21350252295.0,0.4577778023350506,4282.511340844399
0.4,0.5,META3_ANY,5428,10565,2693,81314,100000,15993,84007,0.3393984868379916,0.6683905922915897,0.6683905922915897,0.8850118090096758,0.11498819099032423,0.3316094077084103,0.10565,0.6606015131620083,0.02693,0.03205685240515671,0.19999999999959997,0.39999999999920005,0.49999999999999983,low,1260900000.0,181,228222900000.0,0.27,0.13499999999999995,10859635083.22663,10859635083.22663,0.13499999999999995,24111749384.999996,0.45038768899872716,4758.345934271552
0.39,0.5,META3_ANY,5573,11292,2548,80587,100000,16865,83135,0.3304476726949303,0.6862455362640069,0.6862455362640069,0.8770992283329161,0.12290077166708388,0.3137544637359931,0.11292,0.6695523273050696,0.02548,0.030648944487881156,0.21999999999956,0.39999999999920005,0.5499999999999999,low,1260900000.0,181,228222900000.0,0.27,0.1485,11945598591.549295,11945598591.549295,0.1485,25770929868.0,0.46352997942779917,5234.180527698708
0.38,0.5,META3_ANY,5574,11293,2547,80586,100000,16867,83133,0.33046777731665383,0.6863686738086443,0.6863686738086443,0.8770883444530306,0.12291165554696938,0.31363132619135575,0.11293,0.6695322226833462,0.02547,0.030637652917613944,0.23999999999952001,0.39999999999920005,0.6,low,1260900000.0,181,228222900000.0,0.27,0.162,13031562099.87196,13031562099.87196,0.162,25773212097.0,0.5056242912535078,5710.0151211258635
0.37,0.5,META3_ANY,5575,11303,2546,80576,100000,16878,83122,0.33031164829956156,0.6864918113532816,0.6864918113532816,0.8769795056541756,0.1230204943458244,0.31350818864671837,0.11303,0.6696883517004384,0.02546,0.030629676860518273,0.25999999999948004,0.39999999999920005,0.65,low,1260900000.0,181,228222900000.0,0.27,0.17550000000000002,14117525608.194624,14117525608.194624,0.17550000000000002,25796034387.0,0.5472750344645687,6185.84971455302
0.36,0.5,META3_ANY,5575,11303,2546,80576,100000,16878,83122,0.33031164829956156,0.6864918113532816,0.6864918113532816,0.8769795056541756,0.1230204943458244,0.31350818864671837,0.11303,0.6696883517004384,0.02546,0.030629676860518273,0.27999999999944003,0.39999999999920005,0.7,low,1260900000.0,181,228222900000.0,0.27,0.189,15203489116.517286,15203489116.517286,0.189,25796034387.0,0.5893731140387662,6661.684307980175
0.35,0.5,META3_ANY,5723,12329,2398,79550,100000,18052,81948,0.3170285840904055,0.7047161679596109,0.7047161679596109,0.865812644891651,0.13418735510834903,0.2952838320403891,0.12329,0.6829714159095945,0.02398,0.029262459120417826,0.2999999999994001,0.39999999999920005,0.7500000000000001,low,1260900000.0,181,228222900000.0,0.27,0.20250000000000004,16289452624.839952,16289452624.839952,0.20250000000000004,28137601341.0,0.5789211534923621,7137.518901407332
0.34,0.5,META3_ANY,5912,13306,2209,78573,100000,19218,80782,0.3076282651680716,0.7279891638960719,0.7279891638960719,0.8551790942435159,0.14482090575648407,0.27201083610392807,0.13306,0.6923717348319284,0.02209,0.02734520066351415,0.31999999999935996,0.39999999999920005,0.7999999999999998,low,1260900000.0,181,228222900000.0,0.27,0.21599999999999997,17375416133.16261,17375416133.16261,0.21599999999999997,30367339074.0,0.5721744697756264,7613.353494834484
0.33,0.5,META3_ANY,6057,14026,2064,77853,100000,20083,79917,0.30159836677787183,0.7458441078684891,0.7458441078684891,0.8473427007259547,0.1526572992740452,0.2541558921315109,0.14026,0.6984016332221281,0.02064,0.02582679530012388,0.33999999999931996,0.39999999999920005,0.8499999999999998,low,1260900000.0,181,228222900000.0,0.27,0.22949999999999995,18461379641.48527,18461379641.48527,0.22949999999999995,32010543954.0,0.5767280827222044,8089.18808826164
0.32,0.5,META3_ANY,6057,14027,2064,77852,100000,20084,79916,0.3015833499302928,0.7458441078684891,0.7458441078684891,0.8473318168460693,0.15266818315393071,0.2541558921315109,0.14027,0.6984166500697072,0.02064,0.025827118474398118,0.35999999999928,0.39999999999920005,0.8999999999999999,low,1260900000.0,181,228222900000.0,0.27,0.243,19547343149.807938,19547343149.807938,0.243,32012826183.0,0.6106097299271972,8565.022681688795
0.31,0.5,META3_ANY,6057,14027,2064,77852,100000,20084,79916,0.3015833499302928,0.7458441078684891,0.7458441078684891,0.8473318168460693,0.15266818315393071,0.2541558921315109,0.14027,0.6984166500697072,0.02064,0.025827118474398118,0.37999999999924,0.39999999999920005,0.9499999999999998,low,1260900000.0,181,228222900000.0,0.27,0.25649999999999995,20633306658.130596,20633306658.130596,0.25649999999999995,32012826183.0,0.6445324927009303,9040.857275115948
0.3,0.5,META3_ANY,6089,14248,2032,77631,100000,20337,79663,0.2994050253233024,0.7497845092968847,0.7497845092968847,0.8449264793913734,0.15507352060862656,0.2502154907031154,0.14248,0.7005949746766976,0.02032,0.025507450133688162,0.39999999999920005,0.39999999999920005,1.0,low,1260900000.0,181,228222900000.0,0.27,0.27,21719270166.453266,21719270166.453266,0.27,32517198792.0,0.6679317706725931,9516.691868543106
0.29,0.5,META3_ANY,6089,14248,2032,77631,100000,20337,79663,0.2994050253233024,0.7497845092968847,0.7497845092968847,0.8449264793913734,0.15507352060862656,0.2502154907031154,0.14248,0.7005949746766976,0.02032,0.025507450133688162,0.41999999999916005,0.39999999999920005,1.05,low,1260900000.0,181,228222900000.0,0.27,0.28350000000000003,22805233674.77593,22805233674.77593,0.28350000000000003,32517198792.0,0.7013283592062227,9992.526461970261
0.28,0.5,META3_ANY,6139,14528,1982,77351,100000,20667,79333,0.2970435960710311,0.7559413865287526,0.7559413865287526,0.8418789930234329,0.158121006976567,0.24405861347124738,0.14528,0.7029564039289689,0.01982,0.024983298249152307,0.43999999999912,0.39999999999920005,1.0999999999999999,low,1260900000.0,181,228222900000.0,0.27,0.297,23891197183.09859,23891197183.09859,0.297,33156222912.0,0.7205644999585227,10468.361055397418
0.27,0.5,META3_ANY,6139,14528,1982,77351,100000,20667,79333,0.2970435960710311,0.7559413865287526,0.7559413865287526,0.8418789930234329,0.158121006976567,0.24405861347124738,0.14528,0.7029564039289689,0.01982,0.024983298249152307,0.45999999999908,0.39999999999920005,1.1499999999999997,low,1260900000.0,181,228222900000.0,0.27,0.31049999999999994,24977160691.42125,24977160691.42125,0.31049999999999994,33156222912.0,0.7533174317748189,10944.195648824569
0.26,0.5,META3_ANY,6139,14531,1982,77348,100000,20670,79330,0.29700048379293664,0.7559413865287526,0.7559413865287526,0.8418463413837765,0.15815365861622352,0.24405861347124738,0.14531,0.7029995162070634,0.01982,0.024984243035421655,0.47999999999904003,0.39999999999920005,1.2,low,1260900000.0,181,228222900000.0,0.27,0.324,26063124199.74392,26063124199.74392,0.324,33163069599.0,0.7859080753046404,11420.030242251729
0.25,0.5,META3_ANY,6303,15638,1818,76241,100000,21941,78059,0.2872704070005925,0.7761359438492796,0.7761359438492796,0.8297978863505262,0.17020211364947377,0.22386405615072036,0.15638,0.7127295929994075,0.01818,0.023290075455745015,0.499999999999,0.39999999999920005,1.25,low,1260900000.0,181,228222900000.0,0.27,0.3375,27149087708.06658,27149087708.06658,0.3375,35689497102.0,0.7607024450491676,11895.864835678884
0.24,0.5,META3_ANY,6305,15692,1816,76187,100000,21997,78003,0.28662999499931807,0.7763822189385544,0.7763822189385544,0.8292101568367092,0.17078984316329085,0.22361778106144564,0.15692,0.7133700050006819,0.01816,0.023281155852980014,0.5199999999989601,0.39999999999920005,1.3,low,1260900000.0,181,228222900000.0,0.27,0.35100000000000003,28235051216.389248,28235051216.389248,0.35100000000000003,35812737468.0,0.7884080696600841,12371.69942910604
0.23,0.5,META3_ANY,6305,15693,1816,76186,100000,21998,78002,0.2866169651786526,0.7763822189385544,0.7763822189385544,0.8291992729568236,0.17080072704317636,0.22361778106144564,0.15693,0.7133830348213474,0.01816,0.023281454321684058,0.53999999999892,0.39999999999920005,1.3499999999999999,low,1260900000.0,181,228222900000.0,0.27,0.3645,29321014724.711906,29321014724.711906,0.3645,35815019696.99999,0.8186792851929647,12847.534022533195
0.22,0.5,META3_ANY,6307,15699,1814,76180,100000,22006,77994,0.28660365354903206,0.7766284940278291,0.7766284940278291,0.8291339696775106,0.17086603032248937,0.22337150597217093,0.15699,0.7133963464509679,0.01814,0.023258199348667845,0.5599999999988801,0.39999999999920005,1.4,low,1260900000.0,181,228222900000.0,0.27,0.378,30406978233.034573,30406978233.034573,0.378,35828713071.0,0.8486762606510192,13323.368615960351
0.21,0.5,META3_ANY,6307,15699,1814,76180,100000,22006,77994,0.28660365354903206,0.7766284940278291,0.7766284940278291,0.8291339696775106,0.17086603032248937,0.22337150597217093,0.15699,0.7133963464509679,0.01814,0.023258199348667845,0.5799999999988401,0.39999999999920005,1.4500000000000002,low,1260900000.0,181,228222900000.0,0.27,0.39150000000000007,31492941741.35724,31492941741.35724,0.39150000000000007,35828713071.0,0.8789861271028413,13799.203209387506
0.2,0.5,META3_ANY,6404,16535,1717,75344,100000,22939,77061,0.2791752038013863,0.788572835857653,0.788572835857653,0.8200350460932313,0.1799649539067687,0.211427164142347,0.16535,0.7208247961986137,0.01717,0.02228105007721156,0.5999999999988,0.39999999999920005,1.5,low,1260900000.0,181,228222900000.0,0.27,0.405,32578905249.6799,32578905249.6799,0.405,37736656515.0,0.8633225160456403,14275.037802814662
0.19,0.5,META3_ANY,6758,19803,1363,72076,100000,26561,73439,0.25443319152140353,0.8321635266592784,0.8321635266592784,0.7844665266274121,0.21553347337258785,0.16783647334072158,0.19803,0.7455668084785965,0.01363,0.01855962090987078,0.61999999999876,0.39999999999920005,1.5499999999999998,low,1260900000.0,181,228222900000.0,0.27,0.4185,33664868758.00256,33664868758.00256,0.4185,45194980887.0,0.744880694654437,14750.872396241815
0.18,0.5,META3_ANY,6771,20219,1350,71660,100000,26990,73010,0.25087069284920344,0.8337643147395641,0.8337643147395641,0.7799388325950435,0.22006116740495651,0.16623568526043592,0.20219,0.7491293071507966,0.0135,0.018490617723599508,0.63999999999872,0.39999999999920005,1.5999999999999999,low,1260900000.0,181,228222900000.0,0.27,0.432,34750832266.325226,34750832266.325226,0.43200000000000005,46144388151.0,0.7530890246633845,15226.70698966897
0.17,0.5,META3_ANY,6772,20223,1349,71656,100000,26995,73005,0.2508612706056677,0.8338874522842015,0.8338874522842015,0.7798952970755014,0.22010470292449852,0.16611254771579856,0.20223,0.7491387293943322,0.01349,0.018478186425587288,0.65999999999868,0.39999999999920005,1.6499999999999997,low,1260900000.0,181,228222900000.0,0.27,0.44549999999999995,35836795774.64788,35836795774.64788,0.4454999999999999,46153517067.0,0.7764694448447867,15702.541583096123
0.16,0.5,META3_ANY,6772,20230,1349,71649,100000,27002,72998,0.2507962373157544,0.8338874522842015,0.8338874522842015,0.779819109916303,0.22018089008369704,0.16611254771579856,0.2023,0.7492037626842456,0.01349,0.018479958355023425,0.6799999999986399,0.39999999999920005,1.6999999999999995,low,1260900000.0,181,228222900000.0,0.27,0.4589999999999999,36922759282.97054,36922759282.97054,0.4589999999999999,46169492670.0,0.7997220057599247,16178.376176523276
0.15,0.5,META3_ANY,6791,20429,1330,71450,100000,27220,72780,0.24948567229977958,0.8362270656323113,0.8362270656323113,0.7776532178190881,0.22234678218091186,0.16377293436768872,0.20429,0.7505143277002204,0.0133,0.01827425116790327,0.6999999999986,0.39999999999920005,1.7499999999999998,low,1260900000.0,181,228222900000.0,0.27,0.4725,38008722791.29321,38008722791.29321,0.4725,46623656241.0,0.8152239840398666,16654.210769950434
0.14,0.5,META3_ANY,7145,24387,976,67492,100000,31532,68468,0.2265952048712419,0.8798177564339367,0.8798177564339367,0.7345748212322729,0.26542517876772714,0.12018224356606329,0.24387,0.773404795128758,0.00976,0.014254834375182567,0.71999999999856,0.39999999999920005,1.7999999999999998,low,1260900000.0,181,228222900000.0,0.27,0.486,39094686299.615875,39094686299.615875,0.486,55656718623.0,0.7024252824610485,17130.04536337759
0.13,0.5,META3_ANY,7145,24394,976,67485,100000,31539,68461,0.22654491264783283,0.8798177564339367,0.8798177564339367,0.7344986340730744,0.26550136592692564,0.12018224356606329,0.24394,0.7734550873521672,0.00976,0.014256291903419465,0.7399999999985201,0.39999999999920005,1.8499999999999999,low,1260900000.0,181,228222900000.0,0.27,0.4995,40180649807.93854,40180649807.93854,0.4995,55672694226.0,0.7217299318194944,17605.879956804747
0.12,0.5,META3_ANY,7164,24914,957,66965,100000,32078,67922,0.2233306315855103,0.8821573697820465,0.8821573697820465,0.7288390165326135,0.27116098346738643,0.11784263021795345,0.24914,0.7766693684144896,0.00957,0.01408969111628044,0.75999999999848,0.39999999999920005,1.8999999999999997,low,1260900000.0,181,228222900000.0,0.27,0.5129999999999999,41266613316.26119,41266613316.26119,0.5129999999999999,56859453306.0,0.7257652143466283,18081.7145502319
0.11,0.5,META3_ANY,7172,25083,949,66796,100000,32255,67745,0.22235312354673695,0.8831424701391454,0.8831424701391454,0.7269996408319638,0.2730003591680362,0.11685752986085457,0.25083,0.777646876453263,0.00949,0.014008413905085245,0.77999999999844,0.39999999999920005,1.95,low,1260900000.0,181,228222900000.0,0.27,0.5265,42352576824.58386,42352576824.58386,0.5265,57245150007.0,0.7398456780950865,18557.549143659056
0.1,0.5,META3_ANY,7250,26628,871,65251,100000,33878,66122,0.21400318790955783,0.8927471986208595,0.8927471986208595,0.7101840464088638,0.28981595359113616,0.1072528013791405,0.26628,0.7859968120904421,0.00871,0.013172620307915672,0.7999999999984001,0.39999999999920005,2.0,low,1260900000.0,181,228222900000.0,0.27,0.54,43438540332.90653,43438540332.90653,0.54,60771193812.0,0.7147883332239077,19033.383737086213
0.09,0.5,META3_ANY,7251,26690,870,65189,100000,33941,66059,0.21363542618072537,0.8928703361654968,0.8928703361654968,0.7095092458559628,0.29049075414403724,0.10712966383450313,0.2669,0.7863645738192746,0.0087,0.013170044959808657,0.8199999999983602,0.39999999999920005,2.0500000000000003,low,1260900000.0,181,228222900000.0,0.27,0.5535000000000001,44524503841.2292,44524503841.2292,0.5535000000000001,60912692010.00001,0.7309561008060461,19509.21833051337
0.08,0.5,META3_ANY,7263,27101,858,64778,100000,34364,65636,0.21135490629728787,0.8943479867011451,0.8943479867011451,0.7050359712230215,0.2949640287769784,0.10565201329885482,0.27101,0.7886450937027122,0.00858,0.013072094582241452,0.83999999999832,0.39999999999920005,2.0999999999999996,low,1260900000.0,181,228222900000.0,0.27,0.567,45610467349.55185,45610467349.55185,0.567,61850688128.99999,0.7374286160636332,19985.052923940522
0.07,0.5,META3_ANY,7277,27522,844,64357,100000,34799,65201,0.20911520445989829,0.8960719123260682,0.8960719123260682,0.7004538577912254,0.29954614220877457,0.10392808767393179,0.27522,0.7908847955401017,0.00844,0.012944586739467186,0.85999999999828,0.39999999999920005,2.15,low,1260900000.0,181,228222900000.0,0.27,0.5805,46696430857.87452,46696430857.87452,0.5805,62811506538.0,0.7434375233401526,20460.88751736768
0.06,0.5,META3_ANY,7277,27524,844,64355,100000,34801,65199,0.20910318669003763,0.8960719123260682,0.8960719123260682,0.7004320900314545,0.2995679099685456,0.10392808767393179,0.27524,0.7908968133099623,0.00844,0.012944983818770227,0.8799999999982401,0.39999999999920005,2.1999999999999997,low,1260900000.0,181,228222900000.0,0.27,0.594,47782394366.19718,47782394366.19718,0.594,62816070996.0,0.7606714907279042,20936.722110794835
0.05,0.5,META3_ANY,7424,30066,697,61813,100000,37490,62510,0.19802614030408108,0.9141731313877601,0.9141731313877601,0.6727652673625094,0.3272347326374906,0.08582686861223987,0.30066,0.801973859695919,0.00697,0.011150215965445529,0.8999999999982,0.39999999999920005,2.2499999999999996,low,1260900000.0,181,228222900000.0,0.27,0.6074999999999999,48868357874.51984,48868357874.51984,0.6074999999999999,68617497114.0,0.7121850829582247,21412.556704221985
0.04,0.5,META3_ANY,7485,31524,636,60355,100000,39009,60991,0.19187879720064602,0.9216845216106391,0.9216845216106391,0.656896570489448,0.3431034295105519,0.07831547838936091,0.31524,0.808121202799354,0.00636,0.010427768031348887,0.9199999999981601,0.39999999999920005,2.3,low,1260900000.0,181,228222900000.0,0.27,0.621,49954321382.84251,49954321382.84251,0.621,71944986996.0,0.6943405436381532,21888.39129764914
0.03,0.5,META3_ANY,7507,32239,614,59640,100000,39746,60254,0.18887435213606402,0.924393547592661,0.924393547592661,0.6491145963713144,0.35088540362868553,0.075606452407339,0.32239,0.811125647863936,0.00614,0.010190194841836227,0.93999999999812,0.39999999999920005,2.3499999999999996,low,1260900000.0,181,228222900000.0,0.27,0.6345,51040284891.16517,51040284891.16517,0.6345,73576780731.0,0.6937009799024876,22364.225891076298
0.02,0.5,META3_ANY,7771,39752,350,52127,100000,47523,52477,0.16352082149695937,0.9569018593769241,0.9569018593769241,0.5673440067915411,0.43265599320845893,0.04309814062307597,0.39752,0.8364791785030407,0.0035,0.006669588581664348,0.9599999999980801,0.39999999999920005,2.4,low,1260900000.0,181,228222900000.0,0.27,0.648,52126248399.48784,52126248399.48784,0.648,90723167208.0,0.5745638077204532,22840.060484503458
0.01,0.5,META3_ANY,7858,44406,263,47473,100000,52264,47736,0.1503520587785091,0.9676148257603744,0.9676148257603744,0.5166904298044167,0.48330957019558335,0.03238517423962566,0.44406,0.8496479412214909,0.00263,0.0055094687447628625,0.97999999999804,0.39999999999920005,2.4499999999999997,low,1260900000.0,181,228222900000.0,0.27,0.6615,53212211907.81049,53212211907.81049,0.6615,101344660974.0,0.5250618177257714,23315.895077930607
0.0,0.5,META3_ANY,8121,91879,0,0,100000,100000,0,0.08121,1.0,1.0,0.0,1.0,0.0,0.91879,0.91879,0.0,,0.999999999998,0.39999999999920005,2.5,low,1260900000.0,181,228222900000.0,0.27,0.675,54298175416.13316,54298175416.13316,0.675,209688918291.0,0.258946328011382,23791.729671357767
0.5,0.5,META3_ANY,4960,8239,3161,83640,100000,13199,86801,0.37578604439730284,0.6107622214013052,0.6107622214013052,0.9103277136233524,0.08967228637664755,0.38923777859869474,0.08239,0.6242139556026972,0.03161,0.03641663114480248,0.0,0.39999999999920005,0.0,mid,2434800000.0,181,440698800000.0,0.06,0.0,0.0,0.0,0.0,36309174132.0,0.0,0.0
0.49,0.5,META3_ANY,4960,8239,3161,83640,100000,13199,86801,0.37578604439730284,0.6107622214013052,0.6107622214013052,0.9103277136233524,0.08967228637664755,0.38923777859869474,0.08239,0.6242139556026972,0.03161,0.03641663114480248,0.01999999999996002,0.39999999999920005,0.05000000000000004,mid,2434800000.0,181,440698800000.0,0.06,0.0030000000000000022,241325224.07170314,241325224.07170314,0.0030000000000000022,36309174132.0,0.006646398047897718,54.7596735166293
0.48,0.5,META3_ANY,4993,8359,3128,83520,100000,13352,86648,0.37395146794487716,0.6148257603743381,0.6148257603743381,0.9090216480370923,0.09097835196290774,0.3851742396256619,0.08359,0.6260485320551228,0.03128,0.03610008309482042,0.03999999999992004,0.39999999999920005,0.10000000000000007,mid,2434800000.0,181,440698800000.0,0.06,0.0060000000000000045,482650448.1434063,482650448.1434063,0.0060000000000000045,36838012692.0,0.013101967583832827,109.5193470332586
0.47,0.5,META3_ANY,4993,8360,3128,83519,100000,13353,86647,0.37392346289223394,0.6148257603743381,0.6148257603743381,0.9090107641572067,0.09098923584279324,0.3851742396256619,0.0836,0.626076537107766,0.03128,0.03610049972878461,0.05999999999988006,0.39999999999920005,0.15000000000000013,mid,2434800000.0,181,440698800000.0,0.06,0.009000000000000008,723975672.2151095,723975672.2151095,0.009000000000000008,36842419679.99999,0.01965060054424497,164.27902054988795
0.46,0.5,META3_ANY,5027,8488,3094,83391,100000,13515,86485,0.37195708472068073,0.6190124368920084,0.6190124368920084,0.9076176275318626,0.09238237246813744,0.38098756310799164,0.08488,0.6280429152793193,0.03094,0.03577498988263861,0.07999999999983996,0.39999999999920005,0.19999999999999987,mid,2434800000.0,181,440698800000.0,0.06,0.011999999999999992,965300896.2868111,965300896.2868111,0.011999999999999992,37406514144.0,0.025805689687384177,219.03869406651688
0.45,0.5,META3_ANY,5138,8911,2983,82968,100000,14049,85951,0.36571998006975587,0.6326807043467553,0.6326807043467553,0.9030137463402954,0.0969862536597046,0.36731929565324467,0.08911,0.6342800199302442,0.02983,0.03470582075833906,0.09999999999979998,0.39999999999920005,0.24999999999999992,mid,2434800000.0,181,440698800000.0,0.06,0.014999999999999994,1206626120.3585143,1206626120.3585143,0.014999999999999994,39270670068.0,0.030725885712394367,273.7983675831462
0.44,0.5,META3_ANY,5139,8919,2982,82960,100000,14058,85942,0.36555697823303457,0.6328038418913927,0.6328038418913927,0.9029266753012114,0.09707332469878863,0.36719615810860734,0.08919,0.6344430217669654,0.02982,0.03469781945963557,0.11999999999976001,0.39999999999920005,0.3,mid,2434800000.0,181,440698800000.0,0.06,0.018,1447951344.4302175,1447951344.4302175,0.018,39305925972.0,0.03683799092945123,328.55804109977555
0.43,0.5,META3_ANY,5143,8955,2978,82924,100000,14098,85902,0.3648035182295361,0.6332963920699421,0.6332963920699421,0.9025348556253333,0.09746514437466668,0.36670360793005785,0.08955,0.635196481770464,0.02978,0.0346674117017066,0.13999999999972002,0.39999999999920005,0.35,mid,2434800000.0,181,440698800000.0,0.06,0.020999999999999998,1689276568.5019205,1689276568.5019205,0.020999999999999998,39464577540.0,0.04280488158753822,383.31771461640477
0.42,0.5,META3_ANY,5187,9333,2934,82546,100000,14520,85480,0.35723140495867767,0.6387144440339859,0.6387144440339859,0.8984207490286137,0.10157925097138627,0.361285555966014,0.09333,0.6427685950413223,0.02934,0.0343238184370613,0.15999999999968004,0.39999999999920005,0.4,mid,2434800000.0,181,440698800000.0,0.06,0.024,1930601792.5736237,1930601792.5736237,0.024,41130419004.0,0.046938539390660464,438.0773881330341
0.41,0.5,META3_ANY,5187,9355,2934,82524,100000,14542,85458,0.3566909641039747,0.6387144440339859,0.6387144440339859,0.8981813036711327,0.10181869632886731,0.361285555966014,0.09355,0.6433090358960253,0.02934,0.03433265463736573,0.17999999999964006,0.39999999999920005,0.45000000000000007,mid,2434800000.0,181,440698800000.0,0.06,0.027000000000000003,2171927016.6453266,2171927016.6453266,0.027000000000000003,41227372740.0,0.052681674147478715,492.8370616496634
0.4,0.5,META3_ANY,5428,10565,2693,81314,100000,15993,84007,0.3393984868379916,0.6683905922915897,0.6683905922915897,0.8850118090096758,0.11498819099032423,0.3316094077084103,0.10565,0.6606015131620083,0.02693,0.03205685240515671,0.19999999999959997,0.39999999999920005,0.49999999999999983,mid,2434800000.0,181,440698800000.0,0.06,0.02999999999999999,2413252240.7170286,2413252240.7170286,0.02999999999999999,46559828220.0,0.051831210143520344,547.5967351662924
0.39,0.5,META3_ANY,5573,11292,2548,80587,100000,16865,83135,0.3304476726949303,0.6862455362640069,0.6862455362640069,0.8770992283329161,0.12290077166708388,0.3137544637359931,0.11292,0.6695523273050696,0.02548,0.030648944487881156,0.21999999999956,0.39999999999920005,0.5499999999999999,mid,2434800000.0,181,440698800000.0,0.06,0.032999999999999995,2654577464.788732,2654577464.788732,0.032999999999999995,49763708496.0,0.05334364228506215,602.3564086829218
0.38,0.5,META3_ANY,5574,11293,2547,80586,100000,16867,83133,0.33046777731665383,0.6863686738086443,0.6863686738086443,0.8770883444530306,0.12291165554696938,0.31363132619135575,0.11293,0.6695322226833462,0.02547,0.030637652917613944,0.23999999999952001,0.39999999999920005,0.6,mid,2434800000.0,181,440698800000.0,0.06,0.036,2895902688.860435,2895902688.860435,0.036,49768115484.0,0.058187911290140004,657.1160821995511
0.37,0.5,META3_ANY,5575,11303,2546,80576,100000,16878,83122,0.33031164829956156,0.6864918113532816,0.6864918113532816,0.8769795056541756,0.1230204943458244,0.31350818864671837,0.11303,0.6696883517004384,0.02546,0.030629676860518273,0.25999999999948004,0.39999999999920005,0.65,mid,2434800000.0,181,440698800000.0,0.06,0.039,3137227912.9321384,3137227912.9321384,0.039,49812185364.0,0.06298113383315761,711.8757557161804
0.36,0.5,META3_ANY,5575,11303,2546,80576,100000,16878,83122,0.33031164829956156,0.6864918113532816,0.6864918113532816,0.8769795056541756,0.1230204943458244,0.31350818864671837,0.11303,0.6696883517004384,0.02546,0.030629676860518273,0.27999999999944003,0.39999999999920005,0.7,mid,2434800000.0,181,440698800000.0,0.06,0.041999999999999996,3378553137.003841,3378553137.003841,0.041999999999999996,49812185364.0,0.06782583643570818,766.6354292328095
0.35,0.5,META3_ANY,5723,12329,2398,79550,100000,18052,81948,0.3170285840904055,0.7047161679596109,0.7047161679596109,0.865812644891651,0.13418735510834903,0.2952838320403891,0.12329,0.6829714159095945,0.02398,0.029262459120417826,0.2999999999994001,0.39999999999920005,0.7500000000000001,mid,2434800000.0,181,440698800000.0,0.06,0.045000000000000005,3619878361.0755444,3619878361.0755444,0.045000000000000005,54333755052.0,0.06662301101057985,821.395102749439
0.34,0.5,META3_ANY,5912,13306,2209,78573,100000,19218,80782,0.3076282651680716,0.7279891638960719,0.7279891638960719,0.8551790942435159,0.14482090575648407,0.27201083610392807,0.13306,0.6923717348319284,0.02209,0.02734520066351415,0.31999999999935996,0.39999999999920005,0.7999999999999998,mid,2434800000.0,181,440698800000.0,0.06,0.04799999999999999,3861203585.147246,3861203585.147246,0.04799999999999999,58639382328.0,0.06584659373711618,876.1547762660679
0.33,0.5,META3_ANY,6057,14026,2064,77853,100000,20083,79917,0.30159836677787183,0.7458441078684891,0.7458441078684891,0.8473427007259547,0.1526572992740452,0.2541558921315109,0.14026,0.6984016332221281,0.02064,0.02582679530012388,0.33999999999931996,0.39999999999920005,0.8499999999999998,mid,2434800000.0,181,440698800000.0,0.06,0.05099999999999998,4102528809.218949,4102528809.218949,0.05099999999999998,61812413688.0,0.06637062952963761,930.9144497826971
0.32,0.5,META3_ANY,6057,14027,2064,77852,100000,20084,79916,0.3015833499302928,0.7458441078684891,0.7458441078684891,0.8473318168460693,0.15266818315393071,0.2541558921315109,0.14027,0.6984166500697072,0.02064,0.025827118474398118,0.35999999999928,0.39999999999920005,0.8999999999999999,mid,2434800000.0,181,440698800000.0,0.06,0.05399999999999999,4343854033.290652,4343854033.290652,0.05399999999999999,61816820676.0,0.07026977424248425,985.6741232993265
0.31,0.5,META3_ANY,6057,14027,2064,77852,100000,20084,79916,0.3015833499302928,0.7458441078684891,0.7458441078684891,0.8473318168460693,0.15266818315393071,0.2541558921315109,0.14027,0.6984166500697072,0.02064,0.025827118474398118,0.37999999999924,0.39999999999920005,0.9499999999999998,mid,2434800000.0,181,440698800000.0,0.06,0.05699999999999999,4585179257.362355,4585179257.362355,0.056999999999999995,61816820676.0,0.07417365058928893,1040.433796815956
0.3,0.5,META3_ANY,6089,14248,2032,77631,100000,20337,79663,0.2994050253233024,0.7497845092968847,0.7497845092968847,0.8449264793913734,0.15507352060862656,0.2502154907031154,0.14248,0.7005949746766976,0.02032,0.025507450133688162,0.39999999999920005,0.39999999999920005,1.0,mid,2434800000.0,181,440698800000.0,0.06,0.06,4826504481.434058,4826504481.434058,0.05999999999999999,62790765024.0,0.07686647040515054,1095.1934703325849
0.29,0.5,META3_ANY,6089,14248,2032,77631,100000,20337,79663,0.2994050253233024,0.7497845092968847,0.7497845092968847,0.8449264793913734,0.15507352060862656,0.2502154907031154,0.14248,0.7005949746766976,0.02032,0.025507450133688162,0.41999999999916005,0.39999999999920005,1.05,mid,2434800000.0,181,440698800000.0,0.06,0.063,5067829705.505762,5067829705.505762,0.063,62790765024.0,0.08070979392540809,1149.9531438492145
0.28,0.5,META3_ANY,6139,14528,1982,77351,100000,20667,79333,0.2970435960710311,0.7559413865287526,0.7559413865287526,0.8418789930234329,0.158121006976567,0.24405861347124738,0.14528,0.7029564039289689,0.01982,0.024983298249152307,0.43999999999912,0.39999999999920005,1.0999999999999999,mid,2434800000.0,181,440698800000.0,0.06,0.06599999999999999,5309154929.577464,5309154929.577464,0.06599999999999999,64024721664.0,0.08292351441119518,1204.7128173658436
0.27,0.5,META3_ANY,6139,14528,1982,77351,100000,20667,79333,0.2970435960710311,0.7559413865287526,0.7559413865287526,0.8418789930234329,0.158121006976567,0.24405861347124738,0.14528,0.7029564039289689,0.01982,0.024983298249152307,0.45999999999908,0.39999999999920005,1.1499999999999997,mid,2434800000.0,181,440698800000.0,0.06,0.06899999999999998,5550480153.649166,5550480153.649166,0.06899999999999998,64024721664.0,0.08669276506624948,1259.4724908824726
0.26,0.5,META3_ANY,6139,14531,1982,77348,100000,20670,79330,0.29700048379293664,0.7559413865287526,0.7559413865287526,0.8418463413837765,0.15815365861622352,0.24405861347124738,0.14531,0.7029995162070634,0.01982,0.024984243035421655,0.47999999999904003,0.39999999999920005,1.2,mid,2434800000.0,181,440698800000.0,0.06,0.072,5791805377.72087,5791805377.72087,0.072,64037942628.0,0.09044333937093814,1314.2321643991022
0.25,0.5,META3_ANY,6303,15638,1818,76241,100000,21941,78059,0.2872704070005925,0.7761359438492796,0.7761359438492796,0.8297978863505262,0.17020211364947377,0.22386405615072036,0.15638,0.7127295929994075,0.01818,0.023290075455745015,0.499999999999,0.39999999999920005,1.25,mid,2434800000.0,181,440698800000.0,0.06,0.075,6033130601.792573,6033130601.792573,0.075,68916478344.0,0.08754264214833939,1368.9918379157314
0.24,0.5,META3_ANY,6305,15692,1816,76187,100000,21997,78003,0.28662999499931807,0.7763822189385544,0.7763822189385544,0.8292101568367092,0.17078984316329085,0.22361778106144564,0.15692,0.7133700050006819,0.01816,0.023281155852980014,0.5199999999989601,0.39999999999920005,1.3,mid,2434800000.0,181,440698800000.0,0.06,0.078,6274455825.864277,6274455825.864277,0.078,69154455696.0,0.09073104202347443,1423.7515114323608
0.23,0.5,META3_ANY,6305,15693,1816,76186,100000,21998,78002,0.2866169651786526,0.7763822189385544,0.7763822189385544,0.8291992729568236,0.17080072704317636,0.22361778106144564,0.15693,0.7133830348213474,0.01816,0.023281454321684058,0.53999999999892,0.39999999999920005,1.3499999999999999,mid,2434800000.0,181,440698800000.0,0.06,0.08099999999999999,6515781049.935979,6515781049.935979,0.08099999999999999,69158862683.99998,0.094214693490664,1478.5111849489901
0.22,0.5,META3_ANY,6307,15699,1814,76180,100000,22006,77994,0.28660365354903206,0.7766284940278291,0.7766284940278291,0.8291339696775106,0.17086603032248937,0.22337150597217093,0.15699,0.7133963464509679,0.01814,0.023258199348667845,0.5599999999988801,0.39999999999920005,1.4,mid,2434800000.0,181,440698800000.0,0.06,0.08399999999999999,6757106274.007682,6757106274.007682,0.08399999999999999,69185304612.0,0.09766678504781318,1533.270858465619
0.21,0.5,META3_ANY,6307,15699,1814,76180,100000,22006,77994,0.28660365354903206,0.7766284940278291,0.7766284940278291,0.8291339696775106,0.17086603032248937,0.22337150597217093,0.15699,0.7133963464509679,0.01814,0.023258199348667845,0.5799999999988401,0.39999999999920005,1.4500000000000002,mid,2434800000.0,181,440698800000.0,0.06,0.08700000000000001,6998431498.079386,6998431498.079386,0.08700000000000001,69185304612.0,0.10115488451380653,1588.0305319822487
0.2,0.5,META3_ANY,6404,16535,1717,75344,100000,22939,77061,0.2791752038013863,0.788572835857653,0.788572835857653,0.8200350460932313,0.1799649539067687,0.211427164142347,0.16535,0.7208247961986137,0.01717,0.02228105007721156,0.5999999999988,0.39999999999920005,1.5,mid,2434800000.0,181,440698800000.0,0.06,0.09,7239756722.151088,7239756722.151088,0.09,72869546580.0,0.09935229546409904,1642.7902054988776
0.19,0.5,META3_ANY,6758,19803,1363,72076,100000,26561,73439,0.25443319152140353,0.8321635266592784,0.8321635266592784,0.7844665266274121,0.21553347337258785,0.16783647334072158,0.19803,0.7455668084785965,0.01363,0.01855962090987078,0.61999999999876,0.39999999999920005,1.5499999999999998,mid,2434800000.0,181,440698800000.0,0.06,0.09299999999999999,7481081946.22279,7481081946.22279,0.09299999999999999,87271583364.0,0.08572185421479103,1697.5498790155068
0.18,0.5,META3_ANY,6771,20219,1350,71660,100000,26990,73010,0.25087069284920344,0.8337643147395641,0.8337643147395641,0.7799388325950435,0.22006116740495651,0.16623568526043592,0.20219,0.7491293071507966,0.0135,0.018490617723599508,0.63999999999872,0.39999999999920005,1.5999999999999999,mid,2434800000.0,181,440698800000.0,0.06,0.09599999999999999,7722407170.294493,7722407170.294493,0.09599999999999999,89104890372.0,0.08666647967417458,1752.309552532136
0.17,0.5,META3_ANY,6772,20223,1349,71656,100000,26995,73005,0.2508612706056677,0.8338874522842015,0.8338874522842015,0.7798952970755014,0.22010470292449852,0.16611254771579856,0.20223,0.7491387293943322,0.01349,0.018478186425587288,0.65999999999868,0.39999999999920005,1.6499999999999997,mid,2434800000.0,181,440698800000.0,0.06,0.09899999999999998,7963732394.366196,7963732394.366196,0.09899999999999998,89122518324.0,0.0893571293106248,1807.0692260487654
0.16,0.5,META3_ANY,6772,20230,1349,71649,100000,27002,72998,0.2507962373157544,0.8338874522842015,0.8338874522842015,0.779819109916303,0.22018089008369704,0.16611254771579856,0.2023,0.7492037626842456,0.01349,0.018479958355023425,0.6799999999986399,0.39999999999920005,1.6999999999999995,mid,2434800000.0,181,440698800000.0,0.06,0.10199999999999997,8205057618.437898,8205057618.437898,0.10199999999999997,89153367240.0,0.09203306473383066,1861.8288995653943
0.15,0.5,META3_ANY,6791,20429,1330,71450,100000,27220,72780,0.24948567229977958,0.8362270656323113,0.8362270656323113,0.7776532178190881,0.22234678218091186,0.16377293436768872,0.20429,0.7505143277002204,0.0133,0.01827425116790327,0.6999999999986,0.39999999999920005,1.7499999999999998,mid,2434800000.0,181,440698800000.0,0.06,0.10499999999999998,8446382842.509602,8446382842.509602,0.10499999999999998,90030357852.0,0.09381705287003886,1916.588573082024
0.14,0.5,META3_ANY,7145,24387,976,67492,100000,31532,68468,0.2265952048712419,0.8798177564339367,0.8798177564339367,0.7345748212322729,0.26542517876772714,0.12018224356606329,0.24387,0.773404795128758,0.00976,0.014254834375182567,0.71999999999856,0.39999999999920005,1.7999999999999998,mid,2434800000.0,181,440698800000.0,0.06,0.10799999999999998,8687708066.581305,8687708066.581305,0.10799999999999998,107473216356.0,0.08083602930244199,1971.3482465986528
0.13,0.5,META3_ANY,7145,24394,976,67485,100000,31539,68461,0.22654491264783283,0.8798177564339367,0.8798177564339367,0.7344986340730744,0.26550136592692564,0.12018224356606329,0.24394,0.7734550873521672,0.00976,0.014256291903419465,0.7399999999985201,0.39999999999920005,1.8499999999999999,mid,2434800000.0,181,440698800000.0,0.06,0.11099999999999999,8929033290.653008,8929033290.653008,0.11099999999999999,107504065272.0,0.08305763384911381,2026.1079201152822
0.12,0.5,META3_ANY,7164,24914,957,66965,100000,32078,67922,0.2233306315855103,0.8821573697820465,0.8821573697820465,0.7288390165326135,0.27116098346738643,0.11784263021795345,0.24914,0.7766693684144896,0.00957,0.01408969111628044,0.75999999999848,0.39999999999920005,1.8999999999999997,mid,2434800000.0,181,440698800000.0,0.06,0.11399999999999998,9170358514.72471,9170358514.72471,0.11399999999999999,109795699032.0,0.08352201949233008,2080.867593631912
0.11,0.5,META3_ANY,7172,25083,949,66796,100000,32255,67745,0.22235312354673695,0.8831424701391454,0.8831424701391454,0.7269996408319638,0.2730003591680362,0.11685752986085457,0.25083,0.777646876453263,0.00949,0.014008413905085245,0.77999999999844,0.39999999999920005,1.95,mid,2434800000.0,181,440698800000.0,0.06,0.11699999999999999,9411683738.796413,9411683738.796413,0.11699999999999998,110540480004.0,0.08514241785865091,2135.627267148541
0.1,0.5,META3_ANY,7250,26628,871,65251,100000,33878,66122,0.21400318790955783,0.8927471986208595,0.8927471986208595,0.7101840464088638,0.28981595359113616,0.1072528013791405,0.26628,0.7859968120904421,0.00871,0.013172620307915672,0.7999999999984001,0.39999999999920005,2.0,mid,2434800000.0,181,440698800000.0,0.06,0.12,9653008962.868116,9653008962.868116,0.11999999999999998,117349276464.0,0.08225878551393909,2190.38694066517
0.09,0.5,META3_ANY,7251,26690,870,65189,100000,33941,66059,0.21363542618072537,0.8928703361654968,0.8928703361654968,0.7095092458559628,0.29049075414403724,0.10712966383450313,0.2669,0.7863645738192746,0.0087,0.013170044959808657,0.8199999999983602,0.39999999999920005,2.0500000000000003,mid,2434800000.0,181,440698800000.0,0.06,0.12300000000000001,9894334186.939821,9894334186.939821,0.12300000000000001,117622509720.00002,0.08411939356245034,2245.1466141817996
0.08,0.5,META3_ANY,7263,27101,858,64778,100000,34364,65636,0.21135490629728787,0.8943479867011451,0.8943479867011451,0.7050359712230215,0.2949640287769784,0.10565201329885482,0.27101,0.7886450937027122,0.00858,0.013072094582241452,0.83999999999832,0.39999999999920005,2.0999999999999996,mid,2434800000.0,181,440698800000.0,0.06,0.12599999999999997,10135659411.011522,10135659411.011522,0.12599999999999997,119433781787.99998,0.08486425916750041,2299.9062876984285
0.07,0.5,META3_ANY,7277,27522,844,64357,100000,34799,65201,0.20911520445989829,0.8960719123260682,0.8960719123260682,0.7004538577912254,0.29954614220877457,0.10392808767393179,0.27522,0.7908847955401017,0.00844,0.012944586739467186,0.85999999999828,0.39999999999920005,2.15,mid,2434800000.0,181,440698800000.0,0.06,0.129,10376984635.083227,10376984635.083227,0.129,121289123736.0,0.08555577215373368,2354.6659612150584
0.06,0.5,META3_ANY,7277,27524,844,64355,100000,34801,65199,0.20910318669003763,0.8960719123260682,0.8960719123260682,0.7004320900314545,0.2995679099685456,0.10392808767393179,0.27524,0.7908968133099623,0.00844,0.012944983818770227,0.8799999999982401,0.39999999999920005,2.1999999999999997,mid,2434800000.0,181,440698800000.0,0.06,0.13199999999999998,10618309859.154928,10618309859.154928,0.13199999999999998,121297937712.0,0.08753907988416244,2409.4256347316873
0.05,0.5,META3_ANY,7424,30066,697,61813,100000,37490,62510,0.19802614030408108,0.9141731313877601,0.9141731313877601,0.6727652673625094,0.3272347326374906,0.08582686861223987,0.30066,0.801973859695919,0.00697,0.011150215965445529,0.8999999999982,0.39999999999920005,2.2499999999999996,mid,2434800000.0,181,440698800000.0,0.06,0.13499999999999998,10859635083.226631,10859635083.226631,0.13499999999999998,132500501208.0,0.08195920003486717,2464.1853082483167
0.04,0.5,META3_ANY,7485,31524,636,60355,100000,39009,60991,0.19187879720064602,0.9216845216106391,0.9216845216106391,0.656896570489448,0.3431034295105519,0.07831547838936091,0.31524,0.808121202799354,0.00636,0.010427768031348887,0.9199999999981601,0.39999999999920005,2.3,mid,2434800000.0,181,440698800000.0,0.06,0.13799999999999998,11100960307.298334,11100960307.298334,0.13799999999999998,138925889712.0,0.07990562687999447,2518.9449817649456
0.03,0.5,META3_ANY,7507,32239,614,59640,100000,39746,60254,0.18887435213606402,0.924393547592661,0.924393547592661,0.6491145963713144,0.35088540362868553,0.075606452407339,0.32239,0.811125647863936,0.00614,0.010190194841836227,0.93999999999812,0.39999999999920005,2.3499999999999996,mid,2434800000.0,181,440698800000.0,0.06,0.141,11342285531.370037,11342285531.370037,0.141,142076886132.0,0.07983202504052778,2573.704655281575
0.02,0.5,META3_ANY,7771,39752,350,52127,100000,47523,52477,0.16352082149695937,0.9569018593769241,0.9569018593769241,0.5673440067915411,0.43265599320845893,0.04309814062307597,0.39752,0.8364791785030407,0.0035,0.006669588581664348,0.9599999999980801,0.39999999999920005,2.4,mid,2434800000.0,181,440698800000.0,0.06,0.144,11583610755.44174,11583610755.44174,0.144,175186586976.0,0.06612156190375841,2628.4643287982044
0.01,0.5,META3_ANY,7858,44406,263,47473,100000,52264,47736,0.1503520587785091,0.9676148257603744,0.9676148257603744,0.5166904298044167,0.48330957019558335,0.03238517423962566,0.44406,0.8496479412214909,0.00263,0.0055094687447628625,0.97999999999804,0.39999999999920005,2.4499999999999997,mid,2434800000.0,181,440698800000.0,0.06,0.147,11824935979.513443,11824935979.513443,0.147,195696709128.0,0.0604248075105804,2683.2240023148333
0.0,0.5,META3_ANY,8121,91879,0,0,100000,100000,0,0.08121,1.0,1.0,0.0,1.0,0.0,0.91879,0.91879,0.0,,0.999999999998,0.39999999999920005,2.5,mid,2434800000.0,181,440698800000.0,0.06,0.15,12066261203.585146,12066261203.585146,0.15,404909650452.0,0.029799885456213746,2737.9836758314627
0.5,0.5,META3_ANY,4960,8239,3161,83640,100000,13199,86801,0.37578604439730284,0.6107622214013052,0.6107622214013052,0.9103277136233524,0.08967228637664755,0.38923777859869474,0.08239,0.6242139556026972,0.03161,0.03641663114480248,0.0,0.39999999999920005,0.0,mid,2434800000.0,181,440698800000.0,0.12,0.0,0.0,0.0,0.0,36309174132.0,0.0,0.0
0.49,0.5,META3_ANY,4960,8239,3161,83640,100000,13199,86801,0.37578604439730284,0.6107622214013052,0.6107622214013052,0.9103277136233524,0.08967228637664755,0.38923777859869474,0.08239,0.6242139556026972,0.03161,0.03641663114480248,0.01999999999996002,0.39999999999920005,0.05000000000000004,mid,2434800000.0,181,440698800000.0,0.12,0.0060000000000000045,482650448.1434063,482650448.1434063,0.0060000000000000045,36309174132.0,0.013292796095795437,109.5193470332586
0.48,0.5,META3_ANY,4993,8359,3128,83520,100000,13352,86648,0.37395146794487716,0.6148257603743381,0.6148257603743381,0.9090216480370923,0.09097835196290774,0.3851742396256619,0.08359,0.6260485320551228,0.03128,0.03610008309482042,0.03999999999992004,0.39999999999920005,0.10000000000000007,mid,2434800000.0,181,440698800000.0,0.12,0.012000000000000009,965300896.2868125,965300896.2868125,0.012000000000000009,36838012692.0,0.026203935167665653,219.0386940665172
0.47,0.5,META3_ANY,4993,8360,3128,83519,100000,13353,86647,0.37392346289223394,0.6148257603743381,0.6148257603743381,0.9090107641572067,0.09098923584279324,0.3851742396256619,0.0836,0.626076537107766,0.03128,0.03610049972878461,0.05999999999988006,0.39999999999920005,0.15000000000000013,mid,2434800000.0,181,440698800000.0,0.12,0.018000000000000016,1447951344.430219,1447951344.430219,0.018000000000000016,36842419679.99999,0.03930120108848994,328.5580410997759
0.46,0.5,META3_ANY,5027,8488,3094,83391,100000,13515,86485,0.37195708472068073,0.6190124368920084,0.6190124368920084,0.9076176275318626,0.09238237246813744,0.38098756310799164,0.08488,0.6280429152793193,0.03094,0.03577498988263861,0.07999999999983996,0.39999999999920005,0.19999999999999987,mid,2434800000.0,181,440698800000.0,0.12,0.023999999999999983,1930601792.5736222,1930601792.5736222,0.023999999999999983,37406514144.0,0.051611379374768354,438.07738813303376
0.45,0.5,META3_ANY,5138,8911,2983,82968,100000,14049,85951,0.36571998006975587,0.6326807043467553,0.6326807043467553,0.9030137463402954,0.0969862536597046,0.36731929565324467,0.08911,0.6342800199302442,0.02983,0.03470582075833906,0.09999999999979998,0.39999999999920005,0.24999999999999992,mid,2434800000.0,181,440698800000.0,0.12,0.02999999999999999,2413252240.7170286,2413252240.7170286,0.02999999999999999,39270670068.0,0.061451771424788734,547.5967351662924
0.44,0.5,META3_ANY,5139,8919,2982,82960,100000,14058,85942,0.36555697823303457,0.6328038418913927,0.6328038418913927,0.9029266753012114,0.09707332469878863,0.36719615810860734,0.08919,0.6344430217669654,0.02982,0.03469781945963557,0.11999999999976001,0.39999999999920005,0.3,mid,2434800000.0,181,440698800000.0,0.12,0.036,2895902688.860435,2895902688.860435,0.036,39305925972.0,0.07367598185890246,657.1160821995511
0.43,0.5,META3_ANY,5143,8955,2978,82924,100000,14098,85902,0.3648035182295361,0.6332963920699421,0.6332963920699421,0.9025348556253333,0.09746514437466668,0.36670360793005785,0.08955,0.635196481770464,0.02978,0.0346674117017066,0.13999999999972002,0.39999999999920005,0.35,mid,2434800000.0,181,440698800000.0,0.12,0.041999999999999996,3378553137.003841,3378553137.003841,0.041999999999999996,39464577540.0,0.08560976317507644,766.6354292328095
0.42,0.5,META3_ANY,5187,9333,2934,82546,100000,14520,85480,0.35723140495867767,0.6387144440339859,0.6387144440339859,0.8984207490286137,0.10157925097138627,0.361285555966014,0.09333,0.6427685950413223,0.02934,0.0343238184370613,0.15999999999968004,0.39999999999920005,0.4,mid,2434800000.0,181,440698800000.0,0.12,0.048,3861203585.1472473,3861203585.1472473,0.048,41130419004.0,0.09387707878132093,876.1547762660682
0.41,0.5,META3_ANY,5187,9355,2934,82524,100000,14542,85458,0.3566909641039747,0.6387144440339859,0.6387144440339859,0.8981813036711327,0.10181869632886731,0.361285555966014,0.09355,0.6433090358960253,0.02934,0.03433265463736573,0.17999999999964006,0.39999999999920005,0.45000000000000007,mid,2434800000.0,181,440698800000.0,0.12,0.054000000000000006,4343854033.290653,4343854033.290653,0.054000000000000006,41227372740.0,0.10536334829495743,985.6741232993268
0.4,0.5,META3_ANY,5428,10565,2693,81314,100000,15993,84007,0.3393984868379916,0.6683905922915897,0.6683905922915897,0.8850118090096758,0.11498819099032423,0.3316094077084103,0.10565,0.6606015131620083,0.02693,0.03205685240515671,0.19999999999959997,0.39999999999920005,0.49999999999999983,mid,2434800000.0,181,440698800000.0,0.12,0.05999999999999998,4826504481.434057,4826504481.434057,0.05999999999999998,46559828220.0,0.10366242028704069,1095.1934703325849
0.39,0.5,META3_ANY,5573,11292,2548,80587,100000,16865,83135,0.3304476726949303,0.6862455362640069,0.6862455362640069,0.8770992283329161,0.12290077166708388,0.3137544637359931,0.11292,0.6695523273050696,0.02548,0.030648944487881156,0.21999999999956,0.39999999999920005,0.5499999999999999,mid,2434800000.0,181,440698800000.0,0.12,0.06599999999999999,5309154929.577464,5309154929.577464,0.06599999999999999,49763708496.0,0.1066872845701243,1204.7128173658436
0.38,0.5,META3_ANY,5574,11293,2547,80586,100000,16867,83133,0.33046777731665383,0.6863686738086443,0.6863686738086443,0.8770883444530306,0.12291165554696938,0.31363132619135575,0.11293,0.6695322226833462,0.02547,0.030637652917613944,0.23999999999952001,0.39999999999920005,0.6,mid,2434800000.0,181,440698800000.0,0.12,0.072,5791805377.72087,5791805377.72087,0.072,49768115484.0,0.11637582258028001,1314.2321643991022
0.37,0.5,META3_ANY,5575,11303,2546,80576,100000,16878,83122,0.33031164829956156,0.6864918113532816,0.6864918113532816,0.8769795056541756,0.1230204943458244,0.31350818864671837,0.11303,0.6696883517004384,0.02546,0.030629676860518273,0.25999999999948004,0.39999999999920005,0.65,mid,2434800000.0,181,440698800000.0,0.12,0.078,6274455825.864277,6274455825.864277,0.078,49812185364.0,0.12596226766631521,1423.7515114323608
0.36,0.5,META3_ANY,5575,11303,2546,80576,100000,16878,83122,0.33031164829956156,0.6864918113532816,0.6864918113532816,0.8769795056541756,0.1230204943458244,0.31350818864671837,0.11303,0.6696883517004384,0.02546,0.030629676860518273,0.27999999999944003,0.39999999999920005,0.7,mid,2434800000.0,181,440698800000.0,0.12,0.08399999999999999,6757106274.007682,6757106274.007682,0.08399999999999999,49812185364.0,0.13565167287141636,1533.270858465619
0.35,0.5,META3_ANY,5723,12329,2398,79550,100000,18052,81948,0.3170285840904055,0.7047161679596109,0.7047161679596109,0.865812644891651,0.13418735510834903,0.2952838320403891,0.12329,0.6829714159095945,0.02398,0.029262459120417826,0.2999999999994001,0.39999999999920005,0.7500000000000001,mid,2434800000.0,181,440698800000.0,0.12,0.09000000000000001,7239756722.151089,7239756722.151089,0.09000000000000001,54333755052.0,0.1332460220211597,1642.790205498878
0.34,0.5,META3_ANY,5912,13306,2209,78573,100000,19218,80782,0.3076282651680716,0.7279891638960719,0.7279891638960719,0.8551790942435159,0.14482090575648407,0.27201083610392807,0.13306,0.6923717348319284,0.02209,0.02734520066351415,0.31999999999935996,0.39999999999920005,0.7999999999999998,mid,2434800000.0,181,440698800000.0,0.12,0.09599999999999997,7722407170.294492,7722407170.294492,0.09599999999999997,58639382328.0,0.13169318747423236,1752.3095525321357
0.33,0.5,META3_ANY,6057,14026,2064,77853,100000,20083,79917,0.30159836677787183,0.7458441078684891,0.7458441078684891,0.8473427007259547,0.1526572992740452,0.2541558921315109,0.14026,0.6984016332221281,0.02064,0.02582679530012388,0.33999999999931996,0.39999999999920005,0.8499999999999998,mid,2434800000.0,181,440698800000.0,0.12,0.10199999999999997,8205057618.437898,8205057618.437898,0.10199999999999997,61812413688.0,0.13274125905927522,1861.8288995653943
0.32,0.5,META3_ANY,6057,14027,2064,77852,100000,20084,79916,0.3015833499302928,0.7458441078684891,0.7458441078684891,0.8473318168460693,0.15266818315393071,0.2541558921315109,0.14027,0.6984166500697072,0.02064,0.025827118474398118,0.35999999999928,0.39999999999920005,0.8999999999999999,mid,2434800000.0,181,440698800000.0,0.12,0.10799999999999998,8687708066.581305,8687708066.581305,0.10799999999999998,61816820676.0,0.1405395484849685,1971.348246598653
0.31,0.5,META3_ANY,6057,14027,2064,77852,100000,20084,79916,0.3015833499302928,0.7458441078684891,0.7458441078684891,0.8473318168460693,0.15266818315393071,0.2541558921315109,0.14027,0.6984166500697072,0.02064,0.025827118474398118,0.37999999999924,0.39999999999920005,0.9499999999999998,mid,2434800000.0,181,440698800000.0,0.12,0.11399999999999998,9170358514.72471,9170358514.72471,0.11399999999999999,61816820676.0,0.14834730117857786,2080.867593631912
0.3,0.5,META3_ANY,6089,14248,2032,77631,100000,20337,79663,0.2994050253233024,0.7497845092968847,0.7497845092968847,0.8449264793913734,0.15507352060862656,0.2502154907031154,0.14248,0.7005949746766976,0.02032,0.025507450133688162,0.39999999999920005,0.39999999999920005,1.0,mid,2434800000.0,181,440698800000.0,0.12,0.12,9653008962.868116,9653008962.868116,0.11999999999999998,62790765024.0,0.1537329408103011,2190.3869406651697
0.29,0.5,META3_ANY,6089,14248,2032,77631,100000,20337,79663,0.2994050253233024,0.7497845092968847,0.7497845092968847,0.8449264793913734,0.15507352060862656,0.2502154907031154,0.14248,0.7005949746766976,0.02032,0.025507450133688162,0.41999999999916005,0.39999999999920005,1.05,mid,2434800000.0,181,440698800000.0,0.12,0.126,10135659411.011524,10135659411.011524,0.126,62790765024.0,0.16141958785081617,2299.906287698429
0.28,0.5,META3_ANY,6139,14528,1982,77351,100000,20667,79333,0.2970435960710311,0.7559413865287526,0.7559413865287526,0.8418789930234329,0.158121006976567,0.24405861347124738,0.14528,0.7029564039289689,0.01982,0.024983298249152307,0.43999999999912,0.39999999999920005,1.0999999999999999,mid,2434800000.0,181,440698800000.0,0.12,0.13199999999999998,10618309859.154928,10618309859.154928,0.13199999999999998,64024721664.0,0.16584702882239036,2409.4256347316873
0.27,0.5,META3_ANY,6139,14528,1982,77351,100000,20667,79333,0.2970435960710311,0.7559413865287526,0.7559413865287526,0.8418789930234329,0.158121006976567,0.24405861347124738,0.14528,0.7029564039289689,0.01982,0.024983298249152307,0.45999999999908,0.39999999999920005,1.1499999999999997,mid,2434800000.0,181,440698800000.0,0.12,0.13799999999999996,11100960307.298332,11100960307.298332,0.13799999999999996,64024721664.0,0.17338553013249897,2518.944981764945
0.26,0.5,META3_ANY,6139,14531,1982,77348,100000,20670,79330,0.29700048379293664,0.7559413865287526,0.7559413865287526,0.8418463413837765,0.15815365861622352,0.24405861347124738,0.14531,0.7029995162070634,0.01982,0.024984243035421655,0.47999999999904003,0.39999999999920005,1.2,mid,2434800000.0,181,440698800000.0,0.12,0.144,11583610755.44174,11583610755.44174,0.144,64037942628.0,0.18088667874187628,2628.4643287982044
0.25,0.5,META3_ANY,6303,15638,1818,76241,100000,21941,78059,0.2872704070005925,0.7761359438492796,0.7761359438492796,0.8297978863505262,0.17020211364947377,0.22386405615072036,0.15638,0.7127295929994075,0.01818,0.023290075455745015,0.499999999999,0.39999999999920005,1.25,mid,2434800000.0,181,440698800000.0,0.12,0.15,12066261203.585146,12066261203.585146,0.15,68916478344.0,0.17508528429667877,2737.9836758314627
0.24,0.5,META3_ANY,6305,15692,1816,76187,100000,21997,78003,0.28662999499931807,0.7763822189385544,0.7763822189385544,0.8292101568367092,0.17078984316329085,0.22361778106144564,0.15692,0.7133700050006819,0.01816,0.023281155852980014,0.5199999999989601,0.39999999999920005,1.3,mid,2434800000.0,181,440698800000.0,0.12,0.156,12548911651.728554,12548911651.728554,0.156,69154455696.0,0.18146208404694886,2847.5030228647215
0.23,0.5,META3_ANY,6305,15693,1816,76186,100000,21998,78002,0.2866169651786526,0.7763822189385544,0.7763822189385544,0.8291992729568236,0.17080072704317636,0.22361778106144564,0.15693,0.7133830348213474,0.01816,0.023281454321684058,0.53999999999892,0.39999999999920005,1.3499999999999999,mid,2434800000.0,181,440698800000.0,0.12,0.16199999999999998,13031562099.871958,13031562099.871958,0.16199999999999998,69158862683.99998,0.188429386981328,2957.0223698979803
0.22,0.5,META3_ANY,6307,15699,1814,76180,100000,22006,77994,0.28660365354903206,0.7766284940278291,0.7766284940278291,0.8291339696775106,0.17086603032248937,0.22337150597217093,0.15699,0.7133963464509679,0.01814,0.023258199348667845,0.5599999999988801,0.39999999999920005,1.4,mid,2434800000.0,181,440698800000.0,0.12,0.16799999999999998,13514212548.015364,13514212548.015364,0.16799999999999998,69185304612.0,0.19533357009562635,3066.541716931238
0.21,0.5,META3_ANY,6307,15699,1814,76180,100000,22006,77994,0.28660365354903206,0.7766284940278291,0.7766284940278291,0.8291339696775106,0.17086603032248937,0.22337150597217093,0.15699,0.7133963464509679,0.01814,0.023258199348667845,0.5799999999988401,0.39999999999920005,1.4500000000000002,mid,2434800000.0,181,440698800000.0,0.12,0.17400000000000002,13996862996.158772,13996862996.158772,0.17400000000000002,69185304612.0,0.20230976902761305,3176.0610639644974
0.2,0.5,META3_ANY,6404,16535,1717,75344,100000,22939,77061,0.2791752038013863,0.788572835857653,0.788572835857653,0.8200350460932313,0.1799649539067687,0.211427164142347,0.16535,0.7208247961986137,0.01717,0.02228105007721156,0.5999999999988,0.39999999999920005,1.5,mid,2434800000.0,181,440698800000.0,0.12,0.18,14479513444.302176,14479513444.302176,0.18,72869546580.0,0.1987045909281981,3285.5804109977553
0.19,0.5,META3_ANY,6758,19803,1363,72076,100000,26561,73439,0.25443319152140353,0.8321635266592784,0.8321635266592784,0.7844665266274121,0.21553347337258785,0.16783647334072158,0.19803,0.7455668084785965,0.01363,0.01855962090987078,0.61999999999876,0.39999999999920005,1.5499999999999998,mid,2434800000.0,181,440698800000.0,0.12,0.18599999999999997,14962163892.44558,14962163892.44558,0.18599999999999997,87271583364.0,0.17144370842958206,3395.0997580310136
0.18,0.5,META3_ANY,6771,20219,1350,71660,100000,26990,73010,0.25087069284920344,0.8337643147395641,0.8337643147395641,0.7799388325950435,0.22006116740495651,0.16623568526043592,0.20219,0.7491293071507966,0.0135,0.018490617723599508,0.63999999999872,0.39999999999920005,1.5999999999999999,mid,2434800000.0,181,440698800000.0,0.12,0.19199999999999998,15444814340.588985,15444814340.588985,0.19199999999999998,89104890372.0,0.17333295934834916,3504.619105064272
0.17,0.5,META3_ANY,6772,20223,1349,71656,100000,26995,73005,0.2508612706056677,0.8338874522842015,0.8338874522842015,0.7798952970755014,0.22010470292449852,0.16611254771579856,0.20223,0.7491387293943322,0.01349,0.018478186425587288,0.65999999999868,0.39999999999920005,1.6499999999999997,mid,2434800000.0,181,440698800000.0,0.12,0.19799999999999995,15927464788.732391,15927464788.732391,0.19799999999999995,89122518324.0,0.1787142586212496,3614.1384520975307
0.16,0.5,META3_ANY,6772,20230,1349,71649,100000,27002,72998,0.2507962373157544,0.8338874522842015,0.8338874522842015,0.779819109916303,0.22018089008369704,0.16611254771579856,0.2023,0.7492037626842456,0.01349,0.018479958355023425,0.6799999999986399,0.39999999999920005,1.6999999999999995,mid,2434800000.0,181,440698800000.0,0.12,0.20399999999999993,16410115236.875795,16410115236.875795,0.20399999999999993,89153367240.0,0.18406612946766132,3723.6577991307886
0.15,0.5,META3_ANY,6791,20429,1330,71450,100000,27220,72780,0.24948567229977958,0.8362270656323113,0.8362270656323113,0.7776532178190881,0.22234678218091186,0.16377293436768872,0.20429,0.7505143277002204,0.0133,0.01827425116790327,0.6999999999986,0.39999999999920005,1.7499999999999998,mid,2434800000.0,181,440698800000.0,0.12,0.20999999999999996,16892765685.019203,16892765685.019203,0.20999999999999996,90030357852.0,0.18763410574007772,3833.177146164048
0.14,0.5,META3_ANY,7145,24387,976,67492,100000,31532,68468,0.2265952048712419,0.8798177564339367,0.8798177564339367,0.7345748212322729,0.26542517876772714,0.12018224356606329,0.24387,0.773404795128758,0.00976,0.014254834375182567,0.71999999999856,0.39999999999920005,1.7999999999999998,mid,2434800000.0,181,440698800000.0,0.12,0.21599999999999997,17375416133.16261,17375416133.16261,0.21599999999999997,107473216356.0,0.16167205860488398,3942.6964931973057
0.13,0.5,META3_ANY,7145,24394,976,67485,100000,31539,68461,0.22654491264783283,0.8798177564339367,0.8798177564339367,0.7344986340730744,0.26550136592692564,0.12018224356606329,0.24394,0.7734550873521672,0.00976,0.014256291903419465,0.7399999999985201,0.39999999999920005,1.8499999999999999,mid,2434800000.0,181,440698800000.0,0.12,0.22199999999999998,17858066581.306015,17858066581.306015,0.22199999999999998,107504065272.0,0.16611526769822763,4052.2158402305645
0.12,0.5,META3_ANY,7164,24914,957,66965,100000,32078,67922,0.2233306315855103,0.8821573697820465,0.8821573697820465,0.7288390165326135,0.27116098346738643,0.11784263021795345,0.24914,0.7766693684144896,0.00957,0.01408969111628044,0.75999999999848,0.39999999999920005,1.8999999999999997,mid,2434800000.0,181,440698800000.0,0.12,0.22799999999999995,18340717029.44942,18340717029.44942,0.22799999999999998,109795699032.0,0.16704403898466016,4161.735187263824
0.11,0.5,META3_ANY,7172,25083,949,66796,100000,32255,67745,0.22235312354673695,0.8831424701391454,0.8831424701391454,0.7269996408319638,0.2730003591680362,0.11685752986085457,0.25083,0.777646876453263,0.00949,0.014008413905085245,0.77999999999844,0.39999999999920005,1.95,mid,2434800000.0,181,440698800000.0,0.12,0.23399999999999999,18823367477.592827,18823367477.592827,0.23399999999999996,110540480004.0,0.17028483571730182,4271.254534297082
0.1,0.5,META3_ANY,7250,26628,871,65251,100000,33878,66122,0.21400318790955783,0.8927471986208595,0.8927471986208595,0.7101840464088638,0.28981595359113616,0.1072528013791405,0.26628,0.7859968120904421,0.00871,0.013172620307915672,0.7999999999984001,0.39999999999920005,2.0,mid,2434800000.0,181,440698800000.0,0.12,0.24,19306017925.736233,19306017925.736233,0.23999999999999996,117349276464.0,0.16451757102787817,4380.77388133034
0.09,0.5,META3_ANY,7251,26690,870,65189,100000,33941,66059,0.21363542618072537,0.8928703361654968,0.8928703361654968,0.7095092458559628,0.29049075414403724,0.10712966383450313,0.2669,0.7863645738192746,0.0087,0.013170044959808657,0.8199999999983602,0.39999999999920005,2.0500000000000003,mid,2434800000.0,181,440698800000.0,0.12,0.24600000000000002,19788668373.879642,19788668373.879642,0.24600000000000002,117622509720.00002,0.16823878712490067,4490.293228363599
0.08,0.5,META3_ANY,7263,27101,858,64778,100000,34364,65636,0.21135490629728787,0.8943479867011451,0.8943479867011451,0.7050359712230215,0.2949640287769784,0.10565201329885482,0.27101,0.7886450937027122,0.00858,0.013072094582241452,0.83999999999832,0.39999999999920005,2.0999999999999996,mid,2434800000.0,181,440698800000.0,0.12,0.25199999999999995,20271318822.023045,20271318822.023045,0.25199999999999995,119433781787.99998,0.16972851833500083,4599.812575396857
0.07,0.5,META3_ANY,7277,27522,844,64357,100000,34799,65201,0.20911520445989829,0.8960719123260682,0.8960719123260682,0.7004538577912254,0.29954614220877457,0.10392808767393179,0.27522,0.7908847955401017,0.00844,0.012944586739467186,0.85999999999828,0.39999999999920005,2.15,mid,2434800000.0,181,440698800000.0,0.12,0.258,20753969270.166454,20753969270.166454,0.258,121289123736.0,0.17111154430746736,4709.331922430117
0.06,0.5,META3_ANY,7277,27524,844,64355,100000,34801,65199,0.20910318669003763,0.8960719123260682,0.8960719123260682,0.7004320900314545,0.2995679099685456,0.10392808767393179,0.27524,0.7908968133099623,0.00844,0.012944983818770227,0.8799999999982401,0.39999999999920005,2.1999999999999997,mid,2434800000.0,181,440698800000.0,0.12,0.26399999999999996,21236619718.309856,21236619718.309856,0.26399999999999996,121297937712.0,0.1750781597683249,4818.851269463375
0.05,0.5,META3_ANY,7424,30066,697,61813,100000,37490,62510,0.19802614030408108,0.9141731313877601,0.9141731313877601,0.6727652673625094,0.3272347326374906,0.08582686861223987,0.30066,0.801973859695919,0.00697,0.011150215965445529,0.8999999999982,0.39999999999920005,2.2499999999999996,mid,2434800000.0,181,440698800000.0,0.12,0.26999999999999996,21719270166.453262,21719270166.453262,0.26999999999999996,132500501208.0,0.16391840006973435,4928.370616496633
0.04,0.5,META3_ANY,7485,31524,636,60355,100000,39009,60991,0.19187879720064602,0.9216845216106391,0.9216845216106391,0.656896570489448,0.3431034295105519,0.07831547838936091,0.31524,0.808121202799354,0.00636,0.010427768031348887,0.9199999999981601,0.39999999999920005,2.3,mid,2434800000.0,181,440698800000.0,0.12,0.27599999999999997,22201920614.59667,22201920614.59667,0.27599999999999997,138925889712.0,0.15981125375998895,5037.889963529891
0.03,0.5,META3_ANY,7507,32239,614,59640,100000,39746,60254,0.18887435213606402,0.924393547592661,0.924393547592661,0.6491145963713144,0.35088540362868553,0.075606452407339,0.32239,0.811125647863936,0.00614,0.010190194841836227,0.93999999999812,0.39999999999920005,2.3499999999999996,mid,2434800000.0,181,440698800000.0,0.12,0.282,22684571062.740074,22684571062.740074,0.282,142076886132.0,0.15966405008105555,5147.40931056315
0.02,0.5,META3_ANY,7771,39752,350,52127,100000,47523,52477,0.16352082149695937,0.9569018593769241,0.9569018593769241,0.5673440067915411,0.43265599320845893,0.04309814062307597,0.39752,0.8364791785030407,0.0035,0.006669588581664348,0.9599999999980801,0.39999999999920005,2.4,mid,2434800000.0,181,440698800000.0,0.12,0.288,23167221510.88348,23167221510.88348,0.288,175186586976.0,0.13224312380751682,5256.928657596409
0.01,0.5,META3_ANY,7858,44406,263,47473,100000,52264,47736,0.1503520587785091,0.9676148257603744,0.9676148257603744,0.5166904298044167,0.48330957019558335,0.03238517423962566,0.44406,0.8496479412214909,0.00263,0.0055094687447628625,0.97999999999804,0.39999999999920005,2.4499999999999997,mid,2434800000.0,181,440698800000.0,0.12,0.294,23649871959.026886,23649871959.026886,0.294,195696709128.0,0.1208496150211608,5366.448004629667
0.0,0.5,META3_ANY,8121,91879,0,0,100000,100000,0,0.08121,1.0,1.0,0.0,1.0,0.0,0.91879,0.91879,0.0,,0.999999999998,0.39999999999920005,2.5,mid,2434800000.0,181,440698800000.0,0.12,0.3,24132522407.17029,24132522407.17029,0.3,404909650452.0,0.05959977091242749,5475.9673516629255
0.5,0.5,META3_ANY,4960,8239,3161,83640,100000,13199,86801,0.37578604439730284,0.6107622214013052,0.6107622214013052,0.9103277136233524,0.08967228637664755,0.38923777859869474,0.08239,0.6242139556026972,0.03161,0.03641663114480248,0.0,0.39999999999920005,0.0,mid,2434800000.0,181,440698800000.0,0.27,0.0,0.0,0.0,0.0,36309174132.0,0.0,0.0
0.49,0.5,META3_ANY,4960,8239,3161,83640,100000,13199,86801,0.37578604439730284,0.6107622214013052,0.6107622214013052,0.9103277136233524,0.08967228637664755,0.38923777859869474,0.08239,0.6242139556026972,0.03161,0.03641663114480248,0.01999999999996002,0.39999999999920005,0.05000000000000004,mid,2434800000.0,181,440698800000.0,0.27,0.01350000000000001,1085963508.322664,1085963508.322664,0.01350000000000001,36309174132.0,0.02990879121553973,246.41853082483183
0.48,0.5,META3_ANY,4993,8359,3128,83520,100000,13352,86648,0.37395146794487716,0.6148257603743381,0.6148257603743381,0.9090216480370923,0.09097835196290774,0.3851742396256619,0.08359,0.6260485320551228,0.03128,0.03610008309482042,0.03999999999992004,0.39999999999920005,0.10000000000000007,mid,2434800000.0,181,440698800000.0,0.27,0.02700000000000002,2171927016.645328,2171927016.645328,0.02700000000000002,36838012692.0,0.05895885412724772,492.83706164966367
0.47,0.5,META3_ANY,4993,8360,3128,83519,100000,13353,86647,0.37392346289223394,0.6148257603743381,0.6148257603743381,0.9090107641572067,0.09098923584279324,0.3851742396256619,0.0836,0.626076537107766,0.03128,0.03610049972878461,0.05999999999988006,0.39999999999920005,0.15000000000000013,mid,2434800000.0,181,440698800000.0,0.27,0.040500000000000036,3257890524.967993,3257890524.967993,0.040500000000000036,36842419679.99999,0.08842770244910238,739.2555924744959
0.46,0.5,META3_ANY,5027,8488,3094,83391,100000,13515,86485,0.37195708472068073,0.6190124368920084,0.6190124368920084,0.9076176275318626,0.09238237246813744,0.38098756310799164,0.08488,0.6280429152793193,0.03094,0.03577498988263861,0.07999999999983996,0.39999999999920005,0.19999999999999987,mid,2434800000.0,181,440698800000.0,0.27,0.05399999999999997,4343854033.29065,4343854033.29065,0.053999999999999965,37406514144.0,0.11612560359322881,985.6741232993261
0.45,0.5,META3_ANY,5138,8911,2983,82968,100000,14049,85951,0.36571998006975587,0.6326807043467553,0.6326807043467553,0.9030137463402954,0.0969862536597046,0.36731929565324467,0.08911,0.6342800199302442,0.02983,0.03470582075833906,0.09999999999979998,0.39999999999920005,0.24999999999999992,mid,2434800000.0,181,440698800000.0,0.27,0.06749999999999998,5429817541.613315,5429817541.613315,0.06749999999999998,39270670068.0,0.13826648570577466,1232.092654124158
0.44,0.5,META3_ANY,5139,8919,2982,82960,100000,14058,85942,0.36555697823303457,0.6328038418913927,0.6328038418913927,0.9029266753012114,0.09707332469878863,0.36719615810860734,0.08919,0.6344430217669654,0.02982,0.03469781945963557,0.11999999999976001,0.39999999999920005,0.3,mid,2434800000.0,181,440698800000.0,0.27,0.081,6515781049.93598,6515781049.93598,0.081,39305925972.0,0.16577095918253057,1478.5111849489901
0.43,0.5,META3_ANY,5143,8955,2978,82924,100000,14098,85902,0.3648035182295361,0.6332963920699421,0.6332963920699421,0.9025348556253333,0.09746514437466668,0.36670360793005785,0.08955,0.635196481770464,0.02978,0.0346674117017066,0.13999999999972002,0.39999999999920005,0.35,mid,2434800000.0,181,440698800000.0,0.27,0.0945,7601744558.258643,7601744558.258643,0.0945,39464577540.0,0.19262196714392202,1724.9297157738217
0.42,0.5,META3_ANY,5187,9333,2934,82546,100000,14520,85480,0.35723140495867767,0.6387144440339859,0.6387144440339859,0.8984207490286137,0.10157925097138627,0.361285555966014,0.09333,0.6427685950413223,0.02934,0.0343238184370613,0.15999999999968004,0.39999999999920005,0.4,mid,2434800000.0,181,440698800000.0,0.27,0.10800000000000001,8687708066.581306,8687708066.581306,0.10800000000000001,41130419004.0,0.21122342725797208,1971.3482465986535
0.41,0.5,META3_ANY,5187,9355,2934,82524,100000,14542,85458,0.3566909641039747,0.6387144440339859,0.6387144440339859,0.8981813036711327,0.10181869632886731,0.361285555966014,0.09355,0.6433090358960253,0.02934,0.03433265463736573,0.17999999999964006,0.39999999999920005,0.45000000000000007,mid,2434800000.0,181,440698800000.0,0.27,0.12150000000000002,9773671574.90397,9773671574.90397,0.12150000000000002,41227372740.0,0.23706753366365424,2217.7667774234856
0.4,0.5,META3_ANY,5428,10565,2693,81314,100000,15993,84007,0.3393984868379916,0.6683905922915897,0.6683905922915897,0.8850118090096758,0.11498819099032423,0.3316094077084103,0.10565,0.6606015131620083,0.02693,0.03205685240515671,0.19999999999959997,0.39999999999920005,0.49999999999999983,mid,2434800000.0,181,440698800000.0,0.27,0.13499999999999995,10859635083.22663,10859635083.22663,0.13499999999999995,46559828220.0,0.23324044564584154,2464.185308248316
0.39,0.5,META3_ANY,5573,11292,2548,80587,100000,16865,83135,0.3304476726949303,0.6862455362640069,0.6862455362640069,0.8770992283329161,0.12290077166708388,0.3137544637359931,0.11292,0.6695523273050696,0.02548,0.030648944487881156,0.21999999999956,0.39999999999920005,0.5499999999999999,mid,2434800000.0,181,440698800000.0,0.27,0.1485,11945598591.549295,11945598591.549295,0.1485,49763708496.0,0.2400463902827797,2710.6038390731483
0.38,0.5,META3_ANY,5574,11293,2547,80586,100000,16867,83133,0.33046777731665383,0.6863686738086443,0.6863686738086443,0.8770883444530306,0.12291165554696938,0.31363132619135575,0.11293,0.6695322226833462,0.02547,0.030637652917613944,0.23999999999952001,0.39999999999920005,0.6,mid,2434800000.0,181,440698800000.0,0.27,0.162,13031562099.87196,13031562099.87196,0.162,49768115484.0,0.2618456008056301,2957.0223698979803
0.37,0.5,META3_ANY,5575,11303,2546,80576,100000,16878,83122,0.33031164829956156,0.6864918113532816,0.6864918113532816,0.8769795056541756,0.1230204943458244,0.31350818864671837,0.11303,0.6696883517004384,0.02546,0.030629676860518273,0.25999999999948004,0.39999999999920005,0.65,mid,2434800000.0,181,440698800000.0,0.27,0.17550000000000002,14117525608.194624,14117525608.194624,0.17550000000000002,49812185364.0,0.28341510224920924,3203.440900722812
0.36,0.5,META3_ANY,5575,11303,2546,80576,100000,16878,83122,0.33031164829956156,0.6864918113532816,0.6864918113532816,0.8769795056541756,0.1230204943458244,0.31350818864671837,0.11303,0.6696883517004384,0.02546,0.030629676860518273,0.27999999999944003,0.39999999999920005,0.7,mid,2434800000.0,181,440698800000.0,0.27,0.189,15203489116.517286,15203489116.517286,0.189,49812185364.0,0.30521626396068685,3449.8594315476435
0.35,0.5,META3_ANY,5723,12329,2398,79550,100000,18052,81948,0.3170285840904055,0.7047161679596109,0.7047161679596109,0.865812644891651,0.13418735510834903,0.2952838320403891,0.12329,0.6829714159095945,0.02398,0.029262459120417826,0.2999999999994001,0.39999999999920005,0.7500000000000001,mid,2434800000.0,181,440698800000.0,0.27,0.20250000000000004,16289452624.839952,16289452624.839952,0.20250000000000004,54333755052.0,0.29980354954760935,3696.2779623724755
0.34,0.5,META3_ANY,5912,13306,2209,78573,100000,19218,80782,0.3076282651680716,0.7279891638960719,0.7279891638960719,0.8551790942435159,0.14482090575648407,0.27201083610392807,0.13306,0.6923717348319284,0.02209,0.02734520066351415,0.31999999999935996,0.39999999999920005,0.7999999999999998,mid,2434800000.0,181,440698800000.0,0.27,0.21599999999999997,17375416133.16261,17375416133.16261,0.21599999999999997,58639382328.0,0.29630967181702283,3942.6964931973057
0.33,0.5,META3_ANY,6057,14026,2064,77853,100000,20083,79917,0.30159836677787183,0.7458441078684891,0.7458441078684891,0.8473427007259547,0.1526572992740452,0.2541558921315109,0.14026,0.6984016332221281,0.02064,0.02582679530012388,0.33999999999931996,0.39999999999920005,0.8499999999999998,mid,2434800000.0,181,440698800000.0,0.27,0.22949999999999995,18461379641.48527,18461379641.48527,0.22949999999999995,61812413688.0,0.2986678328833693,4189.115024022138
0.32,0.5,META3_ANY,6057,14027,2064,77852,100000,20084,79916,0.3015833499302928,0.7458441078684891,0.7458441078684891,0.8473318168460693,0.15266818315393071,0.2541558921315109,0.14027,0.6984166500697072,0.02064,0.025827118474398118,0.35999999999928,0.39999999999920005,0.8999999999999999,mid,2434800000.0,181,440698800000.0,0.27,0.243,19547343149.807938,19547343149.807938,0.243,61816820676.0,0.3162139840911791,4435.533554846969
0.31,0.5,META3_ANY,6057,14027,2064,77852,100000,20084,79916,0.3015833499302928,0.7458441078684891,0.7458441078684891,0.8473318168460693,0.15266818315393071,0.2541558921315109,0.14027,0.6984166500697072,0.02064,0.025827118474398118,0.37999999999924,0.39999999999920005,0.9499999999999998,mid,2434800000.0,181,440698800000.0,0.27,0.25649999999999995,20633306658.130596,20633306658.130596,0.25649999999999995,61816820676.0,0.33378142765180013,4681.952085671801
0.3,0.5,META3_ANY,6089,14248,2032,77631,100000,20337,79663,0.2994050253233024,0.7497845092968847,0.7497845092968847,0.8449264793913734,0.15507352060862656,0.2502154907031154,0.14248,0.7005949746766976,0.02032,0.025507450133688162,0.39999999999920005,0.39999999999920005,1.0,mid,2434800000.0,181,440698800000.0,0.27,0.27,21719270166.453266,21719270166.453266,0.27,62790765024.0,0.34589911682317753,4928.370616496633
0.29,0.5,META3_ANY,6089,14248,2032,77631,100000,20337,79663,0.2994050253233024,0.7497845092968847,0.7497845092968847,0.8449264793913734,0.15507352060862656,0.2502154907031154,0.14248,0.7005949746766976,0.02032,0.025507450133688162,0.41999999999916005,0.39999999999920005,1.05,mid,2434800000.0,181,440698800000.0,0.27,0.28350000000000003,22805233674.77593,22805233674.77593,0.28350000000000003,62790765024.0,0.3631940726643364,5174.789147321465
0.28,0.5,META3_ANY,6139,14528,1982,77351,100000,20667,79333,0.2970435960710311,0.7559413865287526,0.7559413865287526,0.8418789930234329,0.158121006976567,0.24405861347124738,0.14528,0.7029564039289689,0.01982,0.024983298249152307,0.43999999999912,0.39999999999920005,1.0999999999999999,mid,2434800000.0,181,440698800000.0,0.27,0.297,23891197183.09859,23891197183.09859,0.297,64024721664.0,0.37315581485037835,5421.2076781462965
0.27,0.5,META3_ANY,6139,14528,1982,77351,100000,20667,79333,0.2970435960710311,0.7559413865287526,0.7559413865287526,0.8418789930234329,0.158121006976567,0.24405861347124738,0.14528,0.7029564039289689,0.01982,0.024983298249152307,0.45999999999908,0.39999999999920005,1.1499999999999997,mid,2434800000.0,181,440698800000.0,0.27,0.31049999999999994,24977160691.42125,24977160691.42125,0.31049999999999994,64024721664.0,0.3901174427981227,5667.626208971127
0.26,0.5,META3_ANY,6139,14531,1982,77348,100000,20670,79330,0.29700048379293664,0.7559413865287526,0.7559413865287526,0.8418463413837765,0.15815365861622352,0.24405861347124738,0.14531,0.7029995162070634,0.01982,0.024984243035421655,0.47999999999904003,0.39999999999920005,1.2,mid,2434800000.0,181,440698800000.0,0.27,0.324,26063124199.74392,26063124199.74392,0.324,64037942628.0,0.4069950271692217,5914.044739795961
0.25,0.5,META3_ANY,6303,15638,1818,76241,100000,21941,78059,0.2872704070005925,0.7761359438492796,0.7761359438492796,0.8297978863505262,0.17020211364947377,0.22386405615072036,0.15638,0.7127295929994075,0.01818,0.023290075455745015,0.499999999999,0.39999999999920005,1.25,mid,2434800000.0,181,440698800000.0,0.27,0.3375,27149087708.06658,27149087708.06658,0.3375,68916478344.0,0.3939418896675273,6160.463270620792
0.24,0.5,META3_ANY,6305,15692,1816,76187,100000,21997,78003,0.28662999499931807,0.7763822189385544,0.7763822189385544,0.8292101568367092,0.17078984316329085,0.22361778106144564,0.15692,0.7133700050006819,0.01816,0.023281155852980014,0.5199999999989601,0.39999999999920005,1.3,mid,2434800000.0,181,440698800000.0,0.27,0.35100000000000003,28235051216.389248,28235051216.389248,0.35100000000000003,69154455696.0,0.40828968910563496,6406.881801445624
0.23,0.5,META3_ANY,6305,15693,1816,76186,100000,21998,78002,0.2866169651786526,0.7763822189385544,0.7763822189385544,0.8291992729568236,0.17080072704317636,0.22361778106144564,0.15693,0.7133830348213474,0.01816,0.023281454321684058,0.53999999999892,0.39999999999920005,1.3499999999999999,mid,2434800000.0,181,440698800000.0,0.27,0.3645,29321014724.711906,29321014724.711906,0.3645,69158862683.99998,0.423966120707988,6653.300332270455
0.22,0.5,META3_ANY,6307,15699,1814,76180,100000,22006,77994,0.28660365354903206,0.7766284940278291,0.7766284940278291,0.8291339696775106,0.17086603032248937,0.22337150597217093,0.15699,0.7133963464509679,0.01814,0.023258199348667845,0.5599999999988801,0.39999999999920005,1.4,mid,2434800000.0,181,440698800000.0,0.27,0.378,30406978233.034573,30406978233.034573,0.378,69185304612.0,0.4395005327151594,6899.718863095287
0.21,0.5,META3_ANY,6307,15699,1814,76180,100000,22006,77994,0.28660365354903206,0.7766284940278291,0.7766284940278291,0.8291339696775106,0.17086603032248937,0.22337150597217093,0.15699,0.7133963464509679,0.01814,0.023258199348667845,0.5799999999988401,0.39999999999920005,1.4500000000000002,mid,2434800000.0,181,440698800000.0,0.27,0.39150000000000007,31492941741.35724,31492941741.35724,0.39150000000000007,69185304612.0,0.4551969803121294,7146.137393920119
0.2,0.5,META3_ANY,6404,16535,1717,75344,100000,22939,77061,0.2791752038013863,0.788572835857653,0.788572835857653,0.8200350460932313,0.1799649539067687,0.211427164142347,0.16535,0.7208247961986137,0.01717,0.02228105007721156,0.5999999999988,0.39999999999920005,1.5,mid,2434800000.0,181,440698800000.0,0.27,0.405,32578905249.6799,32578905249.6799,0.405,72869546580.0,0.44708532958844577,7392.555924744951
0.19,0.5,META3_ANY,6758,19803,1363,72076,100000,26561,73439,0.25443319152140353,0.8321635266592784,0.8321635266592784,0.7844665266274121,0.21553347337258785,0.16783647334072158,0.19803,0.7455668084785965,0.01363,0.01855962090987078,0.61999999999876,0.39999999999920005,1.5499999999999998,mid,2434800000.0,181,440698800000.0,0.27,0.4185,33664868758.00256,33664868758.00256,0.4185,87271583364.0,0.38574834396655966,7638.974455569781
0.18,0.5,META3_ANY,6771,20219,1350,71660,100000,26990,73010,0.25087069284920344,0.8337643147395641,0.8337643147395641,0.7799388325950435,0.22006116740495651,0.16623568526043592,0.20219,0.7491293071507966,0.0135,0.018490617723599508,0.63999999999872,0.39999999999920005,1.5999999999999999,mid,2434800000.0,181,440698800000.0,0.27,0.432,34750832266.325226,34750832266.325226,0.43200000000000005,89104890372.0,0.38999915853378575,7885.392986394614
0.17,0.5,META3_ANY,6772,20223,1349,71656,100000,26995,73005,0.2508612706056677,0.8338874522842015,0.8338874522842015,0.7798952970755014,0.22010470292449852,0.16611254771579856,0.20223,0.7491387293943322,0.01349,0.018478186425587288,0.65999999999868,0.39999999999920005,1.6499999999999997,mid,2434800000.0,181,440698800000.0,0.27,0.44549999999999995,35836795774.64788,35836795774.64788,0.4454999999999999,89122518324.0,0.4021070818978116,8131.811517219444
0.16,0.5,META3_ANY,6772,20230,1349,71649,100000,27002,72998,0.2507962373157544,0.8338874522842015,0.8338874522842015,0.779819109916303,0.22018089008369704,0.16611254771579856,0.2023,0.7492037626842456,0.01349,0.018479958355023425,0.6799999999986399,0.39999999999920005,1.6999999999999995,mid,2434800000.0,181,440698800000.0,0.27,0.4589999999999999,36922759282.97054,36922759282.97054,0.4589999999999999,89153367240.0,0.41414879130223803,8378.230048044275
0.15,0.5,META3_ANY,6791,20429,1330,71450,100000,27220,72780,0.24948567229977958,0.8362270656323113,0.8362270656323113,0.7776532178190881,0.22234678218091186,0.16377293436768872,0.20429,0.7505143277002204,0.0133,0.01827425116790327,0.6999999999986,0.39999999999920005,1.7499999999999998,mid,2434800000.0,181,440698800000.0,0.27,0.4725,38008722791.29321,38008722791.29321,0.4725,90030357852.0,0.4221767379151749,8624.648578869108
0.14,0.5,META3_ANY,7145,24387,976,67492,100000,31532,68468,0.2265952048712419,0.8798177564339367,0.8798177564339367,0.7345748212322729,0.26542517876772714,0.12018224356606329,0.24387,0.773404795128758,0.00976,0.014254834375182567,0.71999999999856,0.39999999999920005,1.7999999999999998,mid,2434800000.0,181,440698800000.0,0.27,0.486,39094686299.615875,39094686299.615875,0.486,107473216356.0,0.36376213186098905,8871.06710969394
0.13,0.5,META3_ANY,7145,24394,976,67485,100000,31539,68461,0.22654491264783283,0.8798177564339367,0.8798177564339367,0.7344986340730744,0.26550136592692564,0.12018224356606329,0.24394,0.7734550873521672,0.00976,0.014256291903419465,0.7399999999985201,0.39999999999920005,1.8499999999999999,mid,2434800000.0,181,440698800000.0,0.27,0.4995,40180649807.93854,40180649807.93854,0.4995,107504065272.0,0.37375935232101215,9117.485640518771
0.12,0.5,META3_ANY,7164,24914,957,66965,100000,32078,67922,0.2233306315855103,0.8821573697820465,0.8821573697820465,0.7288390165326135,0.27116098346738643,0.11784263021795345,0.24914,0.7766693684144896,0.00957,0.01408969111628044,0.75999999999848,0.39999999999920005,1.8999999999999997,mid,2434800000.0,181,440698800000.0,0.27,0.5129999999999999,41266613316.26119,41266613316.26119,0.5129999999999999,109795699032.0,0.3758490877154853,9363.904171343602
0.11,0.5,META3_ANY,7172,25083,949,66796,100000,32255,67745,0.22235312354673695,0.8831424701391454,0.8831424701391454,0.7269996408319638,0.2730003591680362,0.11685752986085457,0.25083,0.777646876453263,0.00949,0.014008413905085245,0.77999999999844,0.39999999999920005,1.95,mid,2434800000.0,181,440698800000.0,0.27,0.5265,42352576824.58386,42352576824.58386,0.5265,110540480004.0,0.3831408803639291,9610.322702168434
0.1,0.5,META3_ANY,7250,26628,871,65251,100000,33878,66122,0.21400318790955783,0.8927471986208595,0.8927471986208595,0.7101840464088638,0.28981595359113616,0.1072528013791405,0.26628,0.7859968120904421,0.00871,0.013172620307915672,0.7999999999984001,0.39999999999920005,2.0,mid,2434800000.0,181,440698800000.0,0.27,0.54,43438540332.90653,43438540332.90653,0.54,117349276464.0,0.370164534812726,9856.741232993267
0.09,0.5,META3_ANY,7251,26690,870,65189,100000,33941,66059,0.21363542618072537,0.8928703361654968,0.8928703361654968,0.7095092458559628,0.29049075414403724,0.10712966383450313,0.2669,0.7863645738192746,0.0087,0.013170044959808657,0.8199999999983602,0.39999999999920005,2.0500000000000003,mid,2434800000.0,181,440698800000.0,0.27,0.5535000000000001,44524503841.2292,44524503841.2292,0.5535000000000001,117622509720.00002,0.3785372710310266,10103.1597638181
0.08,0.5,META3_ANY,7263,27101,858,64778,100000,34364,65636,0.21135490629728787,0.8943479867011451,0.8943479867011451,0.7050359712230215,0.2949640287769784,0.10565201329885482,0.27101,0.7886450937027122,0.00858,0.013072094582241452,0.83999999999832,0.39999999999920005,2.0999999999999996,mid,2434800000.0,181,440698800000.0,0.27,0.567,45610467349.55185,45610467349.55185,0.567,119433781787.99998,0.38188916625375185,10349.57829464293
0.07,0.5,META3_ANY,7277,27522,844,64357,100000,34799,65201,0.20911520445989829,0.8960719123260682,0.8960719123260682,0.7004538577912254,0.29954614220877457,0.10392808767393179,0.27522,0.7908847955401017,0.00844,0.012944586739467186,0.85999999999828,0.39999999999920005,2.15,mid,2434800000.0,181,440698800000.0,0.27,0.5805,46696430857.87452,46696430857.87452,0.5805,121289123736.0,0.3850009746918015,10595.99682546776
0.06,0.5,META3_ANY,7277,27524,844,64355,100000,34801,65199,0.20910318669003763,0.8960719123260682,0.8960719123260682,0.7004320900314545,0.2995679099685456,0.10392808767393179,0.27524,0.7908968133099623,0.00844,0.012944983818770227,0.8799999999982401,0.39999999999920005,2.1999999999999997,mid,2434800000.0,181,440698800000.0,0.27,0.594,47782394366.19718,47782394366.19718,0.594,121297937712.0,0.39392585947873104,10842.415356292593
0.05,0.5,META3_ANY,7424,30066,697,61813,100000,37490,62510,0.19802614030408108,0.9141731313877601,0.9141731313877601,0.6727652673625094,0.3272347326374906,0.08582686861223987,0.30066,0.801973859695919,0.00697,0.011150215965445529,0.8999999999982,0.39999999999920005,2.2499999999999996,mid,2434800000.0,181,440698800000.0,0.27,0.6074999999999999,48868357874.51984,48868357874.51984,0.6074999999999999,132500501208.0,0.36881640015690226,11088.833887117424
0.04,0.5,META3_ANY,7485,31524,636,60355,100000,39009,60991,0.19187879720064602,0.9216845216106391,0.9216845216106391,0.656896570489448,0.3431034295105519,0.07831547838936091,0.31524,0.808121202799354,0.00636,0.010427768031348887,0.9199999999981601,0.39999999999920005,2.3,mid,2434800000.0,181,440698800000.0,0.27,0.621,49954321382.84251,49954321382.84251,0.621,138925889712.0,0.35957532095997513,11335.252417942256
0.03,0.5,META3_ANY,7507,32239,614,59640,100000,39746,60254,0.18887435213606402,0.924393547592661,0.924393547592661,0.6491145963713144,0.35088540362868553,0.075606452407339,0.32239,0.811125647863936,0.00614,0.010190194841836227,0.93999999999812,0.39999999999920005,2.3499999999999996,mid,2434800000.0,181,440698800000.0,0.27,0.6345,51040284891.16517,51040284891.16517,0.6345,142076886132.0,0.359244112682375,11581.670948767087
0.02,0.5,META3_ANY,7771,39752,350,52127,100000,47523,52477,0.16352082149695937,0.9569018593769241,0.9569018593769241,0.5673440067915411,0.43265599320845893,0.04309814062307597,0.39752,0.8364791785030407,0.0035,0.006669588581664348,0.9599999999980801,0.39999999999920005,2.4,mid,2434800000.0,181,440698800000.0,0.27,0.648,52126248399.48784,52126248399.48784,0.648,175186586976.0,0.2975470285669129,11828.089479591921
0.01,0.5,META3_ANY,7858,44406,263,47473,100000,52264,47736,0.1503520587785091,0.9676148257603744,0.9676148257603744,0.5166904298044167,0.48330957019558335,0.03238517423962566,0.44406,0.8496479412214909,0.00263,0.0055094687447628625,0.97999999999804,0.39999999999920005,2.4499999999999997,mid,2434800000.0,181,440698800000.0,0.27,0.6615,53212211907.81049,53212211907.81049,0.6615,195696709128.0,0.2719116337976118,12074.50801041675
0.0,0.5,META3_ANY,8121,91879,0,0,100000,100000,0,0.08121,1.0,1.0,0.0,1.0,0.0,0.91879,0.91879,0.0,,0.999999999998,0.39999999999920005,2.5,mid,2434800000.0,181,440698800000.0,0.27,0.675,54298175416.13316,54298175416.13316,0.675,404909650452.0,0.13409948455296186,12320.926541241583
0.5,0.5,META3_ANY,4960,8239,3161,83640,100000,13199,86801,0.37578604439730284,0.6107622214013052,0.6107622214013052,0.9103277136233524,0.08967228637664755,0.38923777859869474,0.08239,0.6242139556026972,0.03161,0.03641663114480248,0.0,0.39999999999920005,0.0,high,3695700000.0,181,668921700000.0,0.06,0.0,0.0,0.0,0.0,55112458863.0,0.0,0.0
0.49,0.5,META3_ANY,4960,8239,3161,83640,100000,13199,86801,0.37578604439730284,0.6107622214013052,0.6107622214013052,0.9103277136233524,0.08967228637664755,0.38923777859869474,0.08239,0.6242139556026972,0.03161,0.03641663114480248,0.01999999999996002,0.39999999999920005,0.05000000000000004,high,3695700000.0,181,668921700000.0,0.06,0.0030000000000000022,241325224.07170314,241325224.07170314,0.0030000000000000022,55112458863.0,0.004378778030419505,36.0767521926263
0.48,0.5,META3_ANY,4993,8359,3128,83520,100000,13352,86648,0.37395146794487716,0.6148257603743381,0.6148257603743381,0.9090216480370923,0.09097835196290774,0.3851742396256619,0.08359,0.6260485320551228,0.03128,0.03610008309482042,0.03999999999992004,0.39999999999920005,0.10000000000000007,high,3695700000.0,181,668921700000.0,0.06,0.0060000000000000045,482650448.1434063,482650448.1434063,0.0060000000000000045,55915164903.0,0.008631834476044096,72.1535043852526
0.47,0.5,META3_ANY,4993,8360,3128,83519,100000,13353,86647,0.37392346289223394,0.6148257603743381,0.6148257603743381,0.9090107641572067,0.09098923584279324,0.3851742396256619,0.0836,0.626076537107766,0.03128,0.03610049972878461,0.05999999999988006,0.39999999999920005,0.15000000000000013,high,3695700000.0,181,668921700000.0,0.06,0.009000000000000008,723975672.2151095,723975672.2151095,0.009000000000000008,55921854120.0,0.01294620293993767,108.23025657787892
0.46,0.5,META3_ANY,5027,8488,3094,83391,100000,13515,86485,0.37195708472068073,0.6190124368920084,0.6190124368920084,0.9076176275318626,0.09238237246813744,0.38098756310799164,0.08488,0.6280429152793193,0.03094,0.03577498988263861,0.07999999999983996,0.39999999999920005,0.19999999999999987,high,3695700000.0,181,668921700000.0,0.06,0.011999999999999992,965300896.2868111,965300896.2868111,0.011999999999999992,56778073896.0,0.017001296980502473,144.307008770505
0.45,0.5,META3_ANY,5138,8911,2983,82968,100000,14049,85951,0.36571998006975587,0.6326807043467553,0.6326807043467553,0.9030137463402954,0.0969862536597046,0.36731929565324467,0.08911,0.6342800199302442,0.02983,0.03470582075833906,0.09999999999979998,0.39999999999920005,0.24999999999999992,high,3695700000.0,181,668921700000.0,0.06,0.014999999999999994,1206626120.3585143,1206626120.3585143,0.014999999999999994,59607612687.0,0.020242819095851343,180.38376096313132
0.44,0.5,META3_ANY,5139,8919,2982,82960,100000,14058,85942,0.36555697823303457,0.6328038418913927,0.6328038418913927,0.9029266753012114,0.09707332469878863,0.36719615810860734,0.08919,0.6344430217669654,0.02982,0.03469781945963557,0.11999999999976001,0.39999999999920005,0.3,high,3695700000.0,181,668921700000.0,0.06,0.018,1447951344.4302175,1447951344.4302175,0.018,59661126423.0,0.024269594478726047,216.4605131557576
0.43,0.5,META3_ANY,5143,8955,2978,82924,100000,14098,85902,0.3648035182295361,0.6332963920699421,0.6332963920699421,0.9025348556253333,0.09746514437466668,0.36670360793005785,0.08955,0.635196481770464,0.02978,0.0346674117017066,0.13999999999972002,0.39999999999920005,0.35,high,3695700000.0,181,668921700000.0,0.06,0.020999999999999998,1689276568.5019205,1689276568.5019205,0.020999999999999998,59901938235.0,0.028200699648060736,252.5372653483839
0.42,0.5,META3_ANY,5187,9333,2934,82546,100000,14520,85480,0.35723140495867767,0.6387144440339859,0.6387144440339859,0.8984207490286137,0.10157925097138627,0.361285555966014,0.09333,0.6427685950413223,0.02934,0.0343238184370613,0.15999999999968004,0.39999999999920005,0.4,high,3695700000.0,181,668921700000.0,0.06,0.024,1930601792.5736237,1930601792.5736237,0.024,62430462261.0,0.03092403488063969,288.61401754101024
0.41,0.5,META3_ANY,5187,9355,2934,82524,100000,14542,85458,0.3566909641039747,0.6387144440339859,0.6387144440339859,0.8981813036711327,0.10181869632886731,0.361285555966014,0.09355,0.6433090358960253,0.02934,0.03433265463736573,0.17999999999964006,0.39999999999920005,0.45000000000000007,high,3695700000.0,181,668921700000.0,0.06,0.027000000000000003,2171927016.6453266,2171927016.6453266,0.027000000000000003,62577625035.0,0.03470772525212576,324.6907697336365
0.4,0.5,META3_ANY,5428,10565,2693,81314,100000,15993,84007,0.3393984868379916,0.6683905922915897,0.6683905922915897,0.8850118090096758,0.11498819099032423,0.3316094077084103,0.10565,0.6606015131620083,0.02693,0.03205685240515671,0.19999999999959997,0.39999999999920005,0.49999999999999983,high,3695700000.0,181,668921700000.0,0.06,0.02999999999999999,2413252240.7170286,2413252240.7170286,0.02999999999999999,70671577605.0,0.03414742280418955,360.7675219262626
0.39,0.5,META3_ANY,5573,11292,2548,80587,100000,16865,83135,0.3304476726949303,0.6862455362640069,0.6862455362640069,0.8770992283329161,0.12290077166708388,0.3137544637359931,0.11292,0.6695523273050696,0.02548,0.030648944487881156,0.21999999999956,0.39999999999920005,0.5499999999999999,high,3695700000.0,181,668921700000.0,0.06,0.032999999999999995,2654577464.788732,2654577464.788732,0.032999999999999995,75534638364.0,0.03514384290815524,396.84427411888896
0.38,0.5,META3_ANY,5574,11293,2547,80586,100000,16867,83133,0.33046777731665383,0.6863686738086443,0.6863686738086443,0.8770883444530306,0.12291165554696938,0.31363132619135575,0.11293,0.6695322226833462,0.02547,0.030637652917613944,0.23999999999952001,0.39999999999920005,0.6,high,3695700000.0,181,668921700000.0,0.06,0.036,2895902688.860435,2895902688.860435,0.036,75541327581.0,0.03833534280629729,432.9210263115153
0.37,0.5,META3_ANY,5575,11303,2546,80576,100000,16878,83122,0.33031164829956156,0.6864918113532816,0.6864918113532816,0.8769795056541756,0.1230204943458244,0.31350818864671837,0.11303,0.6696883517004384,0.02546,0.030629676860518273,0.25999999999948004,0.39999999999920005,0.65,high,3695700000.0,181,668921700000.0,0.06,0.039,3137227912.9321384,3137227912.9321384,0.039,75608219751.0,0.041493212289139304,468.99777850414154
0.36,0.5,META3_ANY,5575,11303,2546,80576,100000,16878,83122,0.33031164829956156,0.6864918113532816,0.6864918113532816,0.8769795056541756,0.1230204943458244,0.31350818864671837,0.11303,0.6696883517004384,0.02546,0.030629676860518273,0.27999999999944003,0.39999999999920005,0.7,high,3695700000.0,181,668921700000.0,0.06,0.041999999999999996,3378553137.003841,3378553137.003841,0.041999999999999996,75608219751.0,0.044684997849842326,505.0745306967678
0.35,0.5,META3_ANY,5723,12329,2398,79550,100000,18052,81948,0.3170285840904055,0.7047161679596109,0.7047161679596109,0.865812644891651,0.13418735510834903,0.2952838320403891,0.12329,0.6829714159095945,0.02398,0.029262459120417826,0.2999999999994001,0.39999999999920005,0.7500000000000001,high,3695700000.0,181,668921700000.0,0.06,0.045000000000000005,3619878361.0755444,3619878361.0755444,0.045000000000000005,82471356393.0,0.04389255275280997,541.1512828893941
0.34,0.5,META3_ANY,5912,13306,2209,78573,100000,19218,80782,0.3076282651680716,0.7279891638960719,0.7279891638960719,0.8551790942435159,0.14482090575648407,0.27201083610392807,0.13306,0.6923717348319284,0.02209,0.02734520066351415,0.31999999999935996,0.39999999999920005,0.7999999999999998,high,3695700000.0,181,668921700000.0,0.06,0.04799999999999999,3861203585.147246,3861203585.147246,0.04799999999999999,89006721402.00002,0.043381033750339706,577.2280350820201
0.33,0.5,META3_ANY,6057,14026,2064,77853,100000,20083,79917,0.30159836677787183,0.7458441078684891,0.7458441078684891,0.8473427007259547,0.1526572992740452,0.2541558921315109,0.14026,0.6984016332221281,0.02064,0.02582679530012388,0.33999999999931996,0.39999999999920005,0.8499999999999998,high,3695700000.0,181,668921700000.0,0.06,0.05099999999999998,4102528809.218949,4102528809.218949,0.05099999999999998,93822957642.0,0.04372627885887968,613.3047872746464
0.32,0.5,META3_ANY,6057,14027,2064,77852,100000,20084,79916,0.3015833499302928,0.7458441078684891,0.7458441078684891,0.8473318168460693,0.15266818315393071,0.2541558921315109,0.14027,0.6984166500697072,0.02064,0.025827118474398118,0.35999999999928,0.39999999999920005,0.8999999999999999,high,3695700000.0,181,668921700000.0,0.06,0.05399999999999999,4343854033.290652,4343854033.290652,0.05399999999999999,93829646859.0,0.04629511224547464,649.3815394672728
0.31,0.5,META3_ANY,6057,14027,2064,77852,100000,20084,79916,0.3015833499302928,0.7458441078684891,0.7458441078684891,0.8473318168460693,0.15266818315393071,0.2541558921315109,0.14027,0.6984166500697072,0.02064,0.025827118474398118,0.37999999999924,0.39999999999920005,0.9499999999999998,high,3695700000.0,181,668921700000.0,0.06,0.05699999999999999,4585179257.362355,4585179257.362355,0.056999999999999995,93829646859.0,0.04886706292577879,685.458291659899
0.3,0.5,META3_ANY,6089,14248,2032,77631,100000,20337,79663,0.2994050253233024,0.7497845092968847,0.7497845092968847,0.8449264793913734,0.15507352060862656,0.2502154907031154,0.14248,0.7005949746766976,0.02032,0.025507450133688162,0.39999999999920005,0.39999999999920005,1.0,high,3695700000.0,181,668921700000.0,0.06,0.06,4826504481.434058,4826504481.434058,0.05999999999999999,95307963816.0,0.050641145694309754,721.5350438525254
0.29,0.5,META3_ANY,6089,14248,2032,77631,100000,20337,79663,0.2994050253233024,0.7497845092968847,0.7497845092968847,0.8449264793913734,0.15507352060862656,0.2502154907031154,0.14248,0.7005949746766976,0.02032,0.025507450133688162,0.41999999999916005,0.39999999999920005,1.05,high,3695700000.0,181,668921700000.0,0.06,0.063,5067829705.505762,5067829705.505762,0.063,95307963816.0,0.05317320297902525,757.6117960451518
0.28,0.5,META3_ANY,6139,14528,1982,77351,100000,20667,79333,0.2970435960710311,0.7559413865287526,0.7559413865287526,0.8418789930234329,0.158121006976567,0.24405861347124738,0.14528,0.7029564039289689,0.01982,0.024983298249152307,0.43999999999912,0.39999999999920005,1.0999999999999999,high,3695700000.0,181,668921700000.0,0.06,0.06599999999999999,5309154929.577464,5309154929.577464,0.06599999999999999,97180944576.0,0.05463164566614661,793.6885482377779
0.27,0.5,META3_ANY,6139,14528,1982,77351,100000,20667,79333,0.2970435960710311,0.7559413865287526,0.7559413865287526,0.8418789930234329,0.158121006976567,0.24405861347124738,0.14528,0.7029564039289689,0.01982,0.024983298249152307,0.45999999999908,0.39999999999920005,1.1499999999999997,high,3695700000.0,181,668921700000.0,0.06,0.06899999999999998,5550480153.649166,5550480153.649166,0.06899999999999998,97180944576.0,0.05711490228733508,829.7653004304041
0.26,0.5,META3_ANY,6139,14531,1982,77348,100000,20670,79330,0.29700048379293664,0.7559413865287526,0.7559413865287526,0.8418463413837765,0.15815365861622352,0.24405861347124738,0.14531,0.7029995162070634,0.01982,0.024984243035421655,0.47999999999904003,0.39999999999920005,1.2,high,3695700000.0,181,668921700000.0,0.06,0.072,5791805377.72087,5791805377.72087,0.072,97201012227.0,0.05958585456080314,865.8420526230304
0.25,0.5,META3_ANY,6303,15638,1818,76241,100000,21941,78059,0.2872704070005925,0.7761359438492796,0.7761359438492796,0.8297978863505262,0.17020211364947377,0.22386405615072036,0.15638,0.7127295929994075,0.01818,0.023290075455745015,0.499999999999,0.39999999999920005,1.25,high,3695700000.0,181,668921700000.0,0.06,0.075,6033130601.792573,6033130601.792573,0.075,104605975446.0,0.057674818059576465,901.9188048156567
0.24,0.5,META3_ANY,6305,15692,1816,76187,100000,21997,78003,0.28662999499931807,0.7763822189385544,0.7763822189385544,0.8292101568367092,0.17078984316329085,0.22361778106144564,0.15692,0.7133700050006819,0.01816,0.023281155852980014,0.5199999999989601,0.39999999999920005,1.3,high,3695700000.0,181,668921700000.0,0.06,0.078,6274455825.864277,6274455825.864277,0.078,104967193164.0,0.05977539873873841,937.9955570082832
0.23,0.5,META3_ANY,6305,15693,1816,76186,100000,21998,78002,0.2866169651786526,0.7763822189385544,0.7763822189385544,0.8291992729568236,0.17080072704317636,0.22361778106144564,0.15693,0.7133830348213474,0.01816,0.023281454321684058,0.53999999999892,0.39999999999920005,1.3499999999999999,high,3695700000.0,181,668921700000.0,0.06,0.08099999999999999,6515781049.935979,6515781049.935979,0.08099999999999999,104973882381.0,0.06207049698597523,974.0723092009092
0.22,0.5,META3_ANY,6307,15699,1814,76180,100000,22006,77994,0.28660365354903206,0.7766284940278291,0.7766284940278291,0.8291339696775106,0.17086603032248937,0.22337150597217093,0.15699,0.7133963464509679,0.01814,0.023258199348667845,0.5599999999988801,0.39999999999920005,1.4,high,3695700000.0,181,668921700000.0,0.06,0.08399999999999999,6757106274.007682,6757106274.007682,0.08399999999999999,105014017683.0,0.06434480294245083,1010.1490613935356
0.21,0.5,META3_ANY,6307,15699,1814,76180,100000,22006,77994,0.28660365354903206,0.7766284940278291,0.7766284940278291,0.8291339696775106,0.17086603032248937,0.22337150597217093,0.15699,0.7133963464509679,0.01814,0.023258199348667845,0.5799999999988401,0.39999999999920005,1.4500000000000002,high,3695700000.0,181,668921700000.0,0.06,0.08700000000000001,6998431498.079386,6998431498.079386,0.08700000000000001,105014017683.0,0.06664283161896695,1046.225813586162
0.2,0.5,META3_ANY,6404,16535,1717,75344,100000,22939,77061,0.2791752038013863,0.788572835857653,0.788572835857653,0.8200350460932313,0.1799649539067687,0.211427164142347,0.16535,0.7208247961986137,0.01717,0.02228105007721156,0.5999999999988,0.39999999999920005,1.5,high,3695700000.0,181,668921700000.0,0.06,0.09,7239756722.151088,7239756722.151088,0.09,110606203095.0,0.06545525042508546,1082.302565778788
0.19,0.5,META3_ANY,6758,19803,1363,72076,100000,26561,73439,0.25443319152140353,0.8321635266592784,0.8321635266592784,0.7844665266274121,0.21553347337258785,0.16783647334072158,0.19803,0.7455668084785965,0.01363,0.01855962090987078,0.61999999999876,0.39999999999920005,1.5499999999999998,high,3695700000.0,181,668921700000.0,0.06,0.09299999999999999,7481081946.22279,7481081946.22279,0.09299999999999999,132466564251.0,0.05647524708233168,1118.3793179714144
0.18,0.5,META3_ANY,6771,20219,1350,71660,100000,26990,73010,0.25087069284920344,0.8337643147395641,0.8337643147395641,0.7799388325950435,0.22006116740495651,0.16623568526043592,0.20219,0.7491293071507966,0.0135,0.018490617723599508,0.63999999999872,0.39999999999920005,1.5999999999999999,high,3695700000.0,181,668921700000.0,0.06,0.09599999999999999,7722407170.294493,7722407170.294493,0.09599999999999999,135249278523.0,0.05709758495296704,1154.4560701640405
0.17,0.5,META3_ANY,6772,20223,1349,71656,100000,26995,73005,0.2508612706056677,0.8338874522842015,0.8338874522842015,0.7798952970755014,0.22010470292449852,0.16611254771579856,0.20223,0.7491387293943322,0.01349,0.018478186425587288,0.65999999999868,0.39999999999920005,1.6499999999999997,high,3695700000.0,181,668921700000.0,0.06,0.09899999999999998,7963732394.366196,7963732394.366196,0.09899999999999998,135276035391.0,0.058870237964528845,1190.5328223566669
0.16,0.5,META3_ANY,6772,20230,1349,71649,100000,27002,72998,0.2507962373157544,0.8338874522842015,0.8338874522842015,0.779819109916303,0.22018089008369704,0.16611254771579856,0.2023,0.7492037626842456,0.01349,0.018479958355023425,0.6799999999986399,0.39999999999920005,1.6999999999999995,high,3695700000.0,181,668921700000.0,0.06,0.10199999999999997,8205057618.437898,8205057618.437898,0.10199999999999997,135322859910.0,0.06063319696239708,1226.6095745492928
0.15,0.5,META3_ANY,6791,20429,1330,71450,100000,27220,72780,0.24948567229977958,0.8362270656323113,0.8362270656323113,0.7776532178190881,0.22234678218091186,0.16377293436768872,0.20429,0.7505143277002204,0.0133,0.01827425116790327,0.6999999999986,0.39999999999920005,1.7499999999999998,high,3695700000.0,181,668921700000.0,0.06,0.10499999999999998,8446382842.509602,8446382842.509602,0.10499999999999998,136654014093.0,0.06180852350785253,1262.6863267419194
0.14,0.5,META3_ANY,7145,24387,976,67492,100000,31532,68468,0.2265952048712419,0.8798177564339367,0.8798177564339367,0.7345748212322729,0.26542517876772714,0.12018224356606329,0.24387,0.773404795128758,0.00976,0.014254834375182567,0.71999999999856,0.39999999999920005,1.7999999999999998,high,3695700000.0,181,668921700000.0,0.06,0.10799999999999998,8687708066.581305,8687708066.581305,0.10799999999999998,163129934979.0,0.05325636933343772,1298.7630789345458
0.13,0.5,META3_ANY,7145,24394,976,67485,100000,31539,68461,0.22654491264783283,0.8798177564339367,0.8798177564339367,0.7344986340730744,0.26550136592692564,0.12018224356606329,0.24394,0.7734550873521672,0.00976,0.014256291903419465,0.7399999999985201,0.39999999999920005,1.8499999999999999,high,3695700000.0,181,668921700000.0,0.06,0.11099999999999999,8929033290.653008,8929033290.653008,0.11099999999999999,163176759498.0,0.054720006195259976,1334.839831127172
0.12,0.5,META3_ANY,7164,24914,957,66965,100000,32078,67922,0.2233306315855103,0.8821573697820465,0.8821573697820465,0.7288390165326135,0.27116098346738643,0.11784263021795345,0.24914,0.7766693684144896,0.00957,0.01408969111628044,0.75999999999848,0.39999999999920005,1.8999999999999997,high,3695700000.0,181,668921700000.0,0.06,0.11399999999999998,9170358514.72471,9170358514.72471,0.11399999999999999,166655152338.0,0.055025952609769536,1370.9165833197983
0.11,0.5,META3_ANY,7172,25083,949,66796,100000,32255,67745,0.22235312354673695,0.8831424701391454,0.8831424701391454,0.7269996408319638,0.2730003591680362,0.11685752986085457,0.25083,0.777646876453263,0.00949,0.014008413905085245,0.77999999999844,0.39999999999920005,1.95,high,3695700000.0,181,668921700000.0,0.06,0.11699999999999999,9411683738.796413,9411683738.796413,0.11699999999999998,167785630011.0,0.05609350299056829,1406.9933355124244
0.1,0.5,META3_ANY,7250,26628,871,65251,100000,33878,66122,0.21400318790955783,0.8927471986208595,0.8927471986208595,0.7101840464088638,0.28981595359113616,0.1072528013791405,0.26628,0.7859968120904421,0.00871,0.013172620307915672,0.7999999999984001,0.39999999999920005,2.0,high,3695700000.0,181,668921700000.0,0.06,0.12,9653008962.868116,9653008962.868116,0.11999999999999998,178120470276.00003,0.05419370916723188,1443.0700877050506
0.09,0.5,META3_ANY,7251,26690,870,65189,100000,33941,66059,0.21363542618072537,0.8928703361654968,0.8928703361654968,0.7095092458559628,0.29049075414403724,0.10712966383450313,0.2669,0.7863645738192746,0.0087,0.013170044959808657,0.8199999999983602,0.39999999999920005,2.0500000000000003,high,3695700000.0,181,668921700000.0,0.06,0.12300000000000001,9894334186.939821,9894334186.939821,0.12300000000000001,178535201730.00003,0.05541951442104447,1479.146839897677
0.08,0.5,META3_ANY,7263,27101,858,64778,100000,34364,65636,0.21135490629728787,0.8943479867011451,0.8943479867011451,0.7050359712230215,0.2949640287769784,0.10565201329885482,0.27101,0.7886450937027122,0.00858,0.013072094582241452,0.83999999999832,0.39999999999920005,2.0999999999999996,high,3695700000.0,181,668921700000.0,0.06,0.12599999999999997,10135659411.011522,10135659411.011522,0.12599999999999997,181284469916.99997,0.05591024656249967,1515.2235920903036
0.07,0.5,META3_ANY,7277,27522,844,64357,100000,34799,65201,0.20911520445989829,0.8960719123260682,0.8960719123260682,0.7004538577912254,0.29954614220877457,0.10392808767393179,0.27522,0.7908847955401017,0.00844,0.012944586739467186,0.85999999999828,0.39999999999920005,2.15,high,3695700000.0,181,668921700000.0,0.06,0.129,10376984635.083227,10376984635.083227,0.129,184100630274.00003,0.056365828947130645,1551.3003442829297
0.06,0.5,META3_ANY,7277,27524,844,64355,100000,34801,65199,0.20910318669003763,0.8960719123260682,0.8960719123260682,0.7004320900314545,0.2995679099685456,0.10392808767393179,0.27524,0.7908968133099623,0.00844,0.012944983818770227,0.8799999999982401,0.39999999999920005,2.1999999999999997,high,3695700000.0,181,668921700000.0,0.06,0.13199999999999998,10618309859.154928,10618309859.154928,0.13199999999999998,184114008708.0,0.05767247116972663,1587.3770964755558
0.05,0.5,META3_ANY,7424,30066,697,61813,100000,37490,62510,0.19802614030408108,0.9141731313877601,0.9141731313877601,0.6727652673625094,0.3272347326374906,0.08582686861223987,0.30066,0.801973859695919,0.00697,0.011150215965445529,0.8999999999982,0.39999999999920005,2.2499999999999996,high,3695700000.0,181,668921700000.0,0.06,0.13499999999999998,10859635083.226631,10859635083.226631,0.13499999999999998,201117998322.0,0.05399633634897166,1623.453848668182
0.04,0.5,META3_ANY,7485,31524,636,60355,100000,39009,60991,0.19187879720064602,0.9216845216106391,0.9216845216106391,0.656896570489448,0.3431034295105519,0.07831547838936091,0.31524,0.808121202799354,0.00636,0.010427768031348887,0.9199999999981601,0.39999999999920005,2.3,high,3695700000.0,181,668921700000.0,0.06,0.13799999999999998,11100960307.298334,11100960307.298334,0.13799999999999998,210870876708.0,0.05264340187986323,1659.5306008608084
0.03,0.5,META3_ANY,7507,32239,614,59640,100000,39746,60254,0.18887435213606402,0.924393547592661,0.924393547592661,0.6491145963713144,0.35088540362868553,0.075606452407339,0.32239,0.811125647863936,0.00614,0.010190194841836227,0.93999999999812,0.39999999999920005,2.3499999999999996,high,3695700000.0,181,668921700000.0,0.06,0.141,11342285531.370037,11342285531.370037,0.141,215653666863.0,0.05259491153737506,1695.6073530534347
0.02,0.5,META3_ANY,7771,39752,350,52127,100000,47523,52477,0.16352082149695937,0.9569018593769241,0.9569018593769241,0.5673440067915411,0.43265599320845893,0.04309814062307597,0.39752,0.8364791785030407,0.0035,0.006669588581664348,0.9599999999980801,0.39999999999920005,2.4,high,3695700000.0,181,668921700000.0,0.06,0.144,11583610755.44174,11583610755.44174,0.144,265909754184.0,0.043562188197978996,1731.684105246061
0.01,0.5,META3_ANY,7858,44406,263,47473,100000,52264,47736,0.1503520587785091,0.9676148257603744,0.9676148257603744,0.5166904298044167,0.48330957019558335,0.03238517423962566,0.44406,0.8496479412214909,0.00263,0.0055094687447628625,0.97999999999804,0.39999999999920005,2.4499999999999997,high,3695700000.0,181,668921700000.0,0.06,0.147,11824935979.513443,11824935979.513443,0.147,297041370102.0,0.039809054124187886,1767.7608574386873
0.0,0.5,META3_ANY,8121,91879,0,0,100000,100000,0,0.08121,1.0,1.0,0.0,1.0,0.0,0.91879,0.91879,0.0,,0.999999999998,0.39999999999920005,2.5,high,3695700000.0,181,668921700000.0,0.06,0.15,12066261203.585146,12066261203.585146,0.15,614598568743.0,0.01963275187617751,1803.8376096313134
0.5,0.5,META3_ANY,4960,8239,3161,83640,100000,13199,86801,0.37578604439730284,0.6107622214013052,0.6107622214013052,0.9103277136233524,0.08967228637664755,0.38923777859869474,0.08239,0.6242139556026972,0.03161,0.03641663114480248,0.0,0.39999999999920005,0.0,high,3695700000.0,181,668921700000.0,0.12,0.0,0.0,0.0,0.0,55112458863.0,0.0,0.0
0.49,0.5,META3_ANY,4960,8239,3161,83640,100000,13199,86801,0.37578604439730284,0.6107622214013052,0.6107622214013052,0.9103277136233524,0.08967228637664755,0.38923777859869474,0.08239,0.6242139556026972,0.03161,0.03641663114480248,0.01999999999996002,0.39999999999920005,0.05000000000000004,high,3695700000.0,181,668921700000.0,0.12,0.0060000000000000045,482650448.1434063,482650448.1434063,0.0060000000000000045,55112458863.0,0.00875755606083901,72.1535043852526
0.48,0.5,META3_ANY,4993,8359,3128,83520,100000,13352,86648,0.37395146794487716,0.6148257603743381,0.6148257603743381,0.9090216480370923,0.09097835196290774,0.3851742396256619,0.08359,0.6260485320551228,0.03128,0.03610008309482042,0.03999999999992004,0.39999999999920005,0.10000000000000007,high,3695700000.0,181,668921700000.0,0.12,0.012000000000000009,965300896.2868125,965300896.2868125,0.012000000000000009,55915164903.0,0.017263668952088192,144.3070087705052
0.47,0.5,META3_ANY,4993,8360,3128,83519,100000,13353,86647,0.37392346289223394,0.6148257603743381,0.6148257603743381,0.9090107641572067,0.09098923584279324,0.3851742396256619,0.0836,0.626076537107766,0.03128,0.03610049972878461,0.05999999999988006,0.39999999999920005,0.15000000000000013,high,3695700000.0,181,668921700000.0,0.12,0.018000000000000016,1447951344.430219,1447951344.430219,0.018000000000000016,55921854120.0,0.02589240587987534,216.46051315575784
0.46,0.5,META3_ANY,5027,8488,3094,83391,100000,13515,86485,0.37195708472068073,0.6190124368920084,0.6190124368920084,0.9076176275318626,0.09238237246813744,0.38098756310799164,0.08488,0.6280429152793193,0.03094,0.03577498988263861,0.07999999999983996,0.39999999999920005,0.19999999999999987,high,3695700000.0,181,668921700000.0,0.12,0.023999999999999983,1930601792.5736222,1930601792.5736222,0.023999999999999983,56778073896.0,0.03400259396100495,288.61401754101
0.45,0.5,META3_ANY,5138,8911,2983,82968,100000,14049,85951,0.36571998006975587,0.6326807043467553,0.6326807043467553,0.9030137463402954,0.0969862536597046,0.36731929565324467,0.08911,0.6342800199302442,0.02983,0.03470582075833906,0.09999999999979998,0.39999999999920005,0.24999999999999992,high,3695700000.0,181,668921700000.0,0.12,0.02999999999999999,2413252240.7170286,2413252240.7170286,0.02999999999999999,59607612687.0,0.040485638191702686,360.76752192626265
0.44,0.5,META3_ANY,5139,8919,2982,82960,100000,14058,85942,0.36555697823303457,0.6328038418913927,0.6328038418913927,0.9029266753012114,0.09707332469878863,0.36719615810860734,0.08919,0.6344430217669654,0.02982,0.03469781945963557,0.11999999999976001,0.39999999999920005,0.3,high,3695700000.0,181,668921700000.0,0.12,0.036,2895902688.860435,2895902688.860435,0.036,59661126423.0,0.048539188957452094,432.9210263115152
0.43,0.5,META3_ANY,5143,8955,2978,82924,100000,14098,85902,0.3648035182295361,0.6332963920699421,0.6332963920699421,0.9025348556253333,0.09746514437466668,0.36670360793005785,0.08955,0.635196481770464,0.02978,0.0346674117017066,0.13999999999972002,0.39999999999920005,0.35,high,3695700000.0,181,668921700000.0,0.12,0.041999999999999996,3378553137.003841,3378553137.003841,0.041999999999999996,59901938235.0,0.05640139929612147,505.0745306967678
0.42,0.5,META3_ANY,5187,9333,2934,82546,100000,14520,85480,0.35723140495867767,0.6387144440339859,0.6387144440339859,0.8984207490286137,0.10157925097138627,0.361285555966014,0.09333,0.6427685950413223,0.02934,0.0343238184370613,0.15999999999968004,0.39999999999920005,0.4,high,3695700000.0,181,668921700000.0,0.12,0.048,3861203585.1472473,3861203585.1472473,0.048,62430462261.0,0.06184806976127938,577.2280350820205
0.41,0.5,META3_ANY,5187,9355,2934,82524,100000,14542,85458,0.3566909641039747,0.6387144440339859,0.6387144440339859,0.8981813036711327,0.10181869632886731,0.361285555966014,0.09355,0.6433090358960253,0.02934,0.03433265463736573,0.17999999999964006,0.39999999999920005,0.45000000000000007,high,3695700000.0,181,668921700000.0,0.12,0.054000000000000006,4343854033.290653,4343854033.290653,0.054000000000000006,62577625035.0,0.06941545050425152,649.381539467273
0.4,0.5,META3_ANY,5428,10565,2693,81314,100000,15993,84007,0.3393984868379916,0.6683905922915897,0.6683905922915897,0.8850118090096758,0.11498819099032423,0.3316094077084103,0.10565,0.6606015131620083,0.02693,0.03205685240515671,0.19999999999959997,0.39999999999920005,0.49999999999999983,high,3695700000.0,181,668921700000.0,0.12,0.05999999999999998,4826504481.434057,4826504481.434057,0.05999999999999998,70671577605.0,0.0682948456083791,721.5350438525252
0.39,0.5,META3_ANY,5573,11292,2548,80587,100000,16865,83135,0.3304476726949303,0.6862455362640069,0.6862455362640069,0.8770992283329161,0.12290077166708388,0.3137544637359931,0.11292,0.6695523273050696,0.02548,0.030648944487881156,0.21999999999956,0.39999999999920005,0.5499999999999999,high,3695700000.0,181,668921700000.0,0.12,0.06599999999999999,5309154929.577464,5309154929.577464,0.06599999999999999,75534638364.0,0.07028768581631048,793.6885482377779
0.38,0.5,META3_ANY,5574,11293,2547,80586,100000,16867,83133,0.33046777731665383,0.6863686738086443,0.6863686738086443,0.8770883444530306,0.12291165554696938,0.31363132619135575,0.11293,0.6695322226833462,0.02547,0.030637652917613944,0.23999999999952001,0.39999999999920005,0.6,high,3695700000.0,181,668921700000.0,0.12,0.072,5791805377.72087,5791805377.72087,0.072,75541327581.0,0.07667068561259457,865.8420526230306
0.37,0.5,META3_ANY,5575,11303,2546,80576,100000,16878,83122,0.33031164829956156,0.6864918113532816,0.6864918113532816,0.8769795056541756,0.1230204943458244,0.31350818864671837,0.11303,0.6696883517004384,0.02546,0.030629676860518273,0.25999999999948004,0.39999999999920005,0.65,high,3695700000.0,181,668921700000.0,0.12,0.078,6274455825.864277,6274455825.864277,0.078,75608219751.0,0.08298642457827861,937.9955570082831
0.36,0.5,META3_ANY,5575,11303,2546,80576,100000,16878,83122,0.33031164829956156,0.6864918113532816,0.6864918113532816,0.8769795056541756,0.1230204943458244,0.31350818864671837,0.11303,0.6696883517004384,0.02546,0.030629676860518273,0.27999999999944003,0.39999999999920005,0.7,high,3695700000.0,181,668921700000.0,0.12,0.08399999999999999,6757106274.007682,6757106274.007682,0.08399999999999999,75608219751.0,0.08936999569968465,1010.1490613935356
0.35,0.5,META3_ANY,5723,12329,2398,79550,100000,18052,81948,0.3170285840904055,0.7047161679596109,0.7047161679596109,0.865812644891651,0.13418735510834903,0.2952838320403891,0.12329,0.6829714159095945,0.02398,0.029262459120417826,0.2999999999994001,0.39999999999920005,0.7500000000000001,high,3695700000.0,181,668921700000.0,0.12,0.09000000000000001,7239756722.151089,7239756722.151089,0.09000000000000001,82471356393.0,0.08778510550561994,1082.3025657787882
0.34,0.5,META3_ANY,5912,13306,2209,78573,100000,19218,80782,0.3076282651680716,0.7279891638960719,0.7279891638960719,0.8551790942435159,0.14482090575648407,0.27201083610392807,0.13306,0.6923717348319284,0.02209,0.02734520066351415,0.31999999999935996,0.39999999999920005,0.7999999999999998,high,3695700000.0,181,668921700000.0,0.12,0.09599999999999997,7722407170.294492,7722407170.294492,0.09599999999999997,89006721402.00002,0.08676206750067941,1154.4560701640403
0.33,0.5,META3_ANY,6057,14026,2064,77853,100000,20083,79917,0.30159836677787183,0.7458441078684891,0.7458441078684891,0.8473427007259547,0.1526572992740452,0.2541558921315109,0.14026,0.6984016332221281,0.02064,0.02582679530012388,0.33999999999931996,0.39999999999920005,0.8499999999999998,high,3695700000.0,181,668921700000.0,0.12,0.10199999999999997,8205057618.437898,8205057618.437898,0.10199999999999997,93822957642.0,0.08745255771775937,1226.6095745492928
0.32,0.5,META3_ANY,6057,14027,2064,77852,100000,20084,79916,0.3015833499302928,0.7458441078684891,0.7458441078684891,0.8473318168460693,0.15266818315393071,0.2541558921315109,0.14027,0.6984166500697072,0.02064,0.025827118474398118,0.35999999999928,0.39999999999920005,0.8999999999999999,high,3695700000.0,181,668921700000.0,0.12,0.10799999999999998,8687708066.581305,8687708066.581305,0.10799999999999998,93829646859.0,0.09259022449094928,1298.7630789345455
0.31,0.5,META3_ANY,6057,14027,2064,77852,100000,20084,79916,0.3015833499302928,0.7458441078684891,0.7458441078684891,0.8473318168460693,0.15266818315393071,0.2541558921315109,0.14027,0.6984166500697072,0.02064,0.025827118474398118,0.37999999999924,0.39999999999920005,0.9499999999999998,high,3695700000.0,181,668921700000.0,0.12,0.11399999999999998,9170358514.72471,9170358514.72471,0.11399999999999999,93829646859.0,0.09773412585155758,1370.916583319798
0.3,0.5,META3_ANY,6089,14248,2032,77631,100000,20337,79663,0.2994050253233024,0.7497845092968847,0.7497845092968847,0.8449264793913734,0.15507352060862656,0.2502154907031154,0.14248,0.7005949746766976,0.02032,0.025507450133688162,0.39999999999920005,0.39999999999920005,1.0,high,3695700000.0,181,668921700000.0,0.12,0.12,9653008962.868116,9653008962.868116,0.11999999999999998,95307963816.0,0.10128229138861951,1443.0700877050508
0.29,0.5,META3_ANY,6089,14248,2032,77631,100000,20337,79663,0.2994050253233024,0.7497845092968847,0.7497845092968847,0.8449264793913734,0.15507352060862656,0.2502154907031154,0.14248,0.7005949746766976,0.02032,0.025507450133688162,0.41999999999916005,0.39999999999920005,1.05,high,3695700000.0,181,668921700000.0,0.12,0.126,10135659411.011524,10135659411.011524,0.126,95307963816.0,0.1063464059580505,1515.2235920903036
0.28,0.5,META3_ANY,6139,14528,1982,77351,100000,20667,79333,0.2970435960710311,0.7559413865287526,0.7559413865287526,0.8418789930234329,0.158121006976567,0.24405861347124738,0.14528,0.7029564039289689,0.01982,0.024983298249152307,0.43999999999912,0.39999999999920005,1.0999999999999999,high,3695700000.0,181,668921700000.0,0.12,0.13199999999999998,10618309859.154928,10618309859.154928,0.13199999999999998,97180944576.0,0.10926329133229322,1587.3770964755558
0.27,0.5,META3_ANY,6139,14528,1982,77351,100000,20667,79333,0.2970435960710311,0.7559413865287526,0.7559413865287526,0.8418789930234329,0.158121006976567,0.24405861347124738,0.14528,0.7029564039289689,0.01982,0.024983298249152307,0.45999999999908,0.39999999999920005,1.1499999999999997,high,3695700000.0,181,668921700000.0,0.12,0.13799999999999996,11100960307.298332,11100960307.298332,0.13799999999999996,97180944576.0,0.11422980457467016,1659.5306008608081
0.26,0.5,META3_ANY,6139,14531,1982,77348,100000,20670,79330,0.29700048379293664,0.7559413865287526,0.7559413865287526,0.8418463413837765,0.15815365861622352,0.24405861347124738,0.14531,0.7029995162070634,0.01982,0.024984243035421655,0.47999999999904003,0.39999999999920005,1.2,high,3695700000.0,181,668921700000.0,0.12,0.144,11583610755.44174,11583610755.44174,0.144,97201012227.0,0.11917170912160628,1731.6841052460609
0.25,0.5,META3_ANY,6303,15638,1818,76241,100000,21941,78059,0.2872704070005925,0.7761359438492796,0.7761359438492796,0.8297978863505262,0.17020211364947377,0.22386405615072036,0.15638,0.7127295929994075,0.01818,0.023290075455745015,0.499999999999,0.39999999999920005,1.25,high,3695700000.0,181,668921700000.0,0.12,0.15,12066261203.585146,12066261203.585146,0.15,104605975446.0,0.11534963611915293,1803.8376096313134
0.24,0.5,META3_ANY,6305,15692,1816,76187,100000,21997,78003,0.28662999499931807,0.7763822189385544,0.7763822189385544,0.8292101568367092,0.17078984316329085,0.22361778106144564,0.15692,0.7133700050006819,0.01816,0.023281155852980014,0.5199999999989601,0.39999999999920005,1.3,high,3695700000.0,181,668921700000.0,0.12,0.156,12548911651.728554,12548911651.728554,0.156,104967193164.0,0.11955079747747682,1875.9911140165664
0.23,0.5,META3_ANY,6305,15693,1816,76186,100000,21998,78002,0.2866169651786526,0.7763822189385544,0.7763822189385544,0.8291992729568236,0.17080072704317636,0.22361778106144564,0.15693,0.7133830348213474,0.01816,0.023281454321684058,0.53999999999892,0.39999999999920005,1.3499999999999999,high,3695700000.0,181,668921700000.0,0.12,0.16199999999999998,13031562099.871958,13031562099.871958,0.16199999999999998,104973882381.0,0.12414099397195046,1948.1446184018184
0.22,0.5,META3_ANY,6307,15699,1814,76180,100000,22006,77994,0.28660365354903206,0.7766284940278291,0.7766284940278291,0.8291339696775106,0.17086603032248937,0.22337150597217093,0.15699,0.7133963464509679,0.01814,0.023258199348667845,0.5599999999988801,0.39999999999920005,1.4,high,3695700000.0,181,668921700000.0,0.12,0.16799999999999998,13514212548.015364,13514212548.015364,0.16799999999999998,105014017683.0,0.12868960588490166,2020.2981227870712
0.21,0.5,META3_ANY,6307,15699,1814,76180,100000,22006,77994,0.28660365354903206,0.7766284940278291,0.7766284940278291,0.8291339696775106,0.17086603032248937,0.22337150597217093,0.15699,0.7133963464509679,0.01814,0.023258199348667845,0.5799999999988401,0.39999999999920005,1.4500000000000002,high,3695700000.0,181,668921700000.0,0.12,0.17400000000000002,13996862996.158772,13996862996.158772,0.17400000000000002,105014017683.0,0.1332856632379339,2092.451627172324
0.2,0.5,META3_ANY,6404,16535,1717,75344,100000,22939,77061,0.2791752038013863,0.788572835857653,0.788572835857653,0.8200350460932313,0.1799649539067687,0.211427164142347,0.16535,0.7208247961986137,0.01717,0.02228105007721156,0.5999999999988,0.39999999999920005,1.5,high,3695700000.0,181,668921700000.0,0.12,0.18,14479513444.302176,14479513444.302176,0.18,110606203095.0,0.13091050085017092,2164.605131557576
0.19,0.5,META3_ANY,6758,19803,1363,72076,100000,26561,73439,0.25443319152140353,0.8321635266592784,0.8321635266592784,0.7844665266274121,0.21553347337258785,0.16783647334072158,0.19803,0.7455668084785965,0.01363,0.01855962090987078,0.61999999999876,0.39999999999920005,1.5499999999999998,high,3695700000.0,181,668921700000.0,0.12,0.18599999999999997,14962163892.44558,14962163892.44558,0.18599999999999997,132466564251.0,0.11295049416466336,2236.7586359428287
0.18,0.5,META3_ANY,6771,20219,1350,71660,100000,26990,73010,0.25087069284920344,0.8337643147395641,0.8337643147395641,0.7799388325950435,0.22006116740495651,0.16623568526043592,0.20219,0.7491293071507966,0.0135,0.018490617723599508,0.63999999999872,0.39999999999920005,1.5999999999999999,high,3695700000.0,181,668921700000.0,0.12,0.19199999999999998,15444814340.588985,15444814340.588985,0.19199999999999998,135249278523.0,0.11419516990593408,2308.912140328081
0.17,0.5,META3_ANY,6772,20223,1349,71656,100000,26995,73005,0.2508612706056677,0.8338874522842015,0.8338874522842015,0.7798952970755014,0.22010470292449852,0.16611254771579856,0.20223,0.7491387293943322,0.01349,0.018478186425587288,0.65999999999868,0.39999999999920005,1.6499999999999997,high,3695700000.0,181,668921700000.0,0.12,0.19799999999999995,15927464788.732391,15927464788.732391,0.19799999999999995,135276035391.0,0.11774047592905769,2381.0656447133338
0.16,0.5,META3_ANY,6772,20230,1349,71649,100000,27002,72998,0.2507962373157544,0.8338874522842015,0.8338874522842015,0.779819109916303,0.22018089008369704,0.16611254771579856,0.2023,0.7492037626842456,0.01349,0.018479958355023425,0.6799999999986399,0.39999999999920005,1.6999999999999995,high,3695700000.0,181,668921700000.0,0.12,0.20399999999999993,16410115236.875795,16410115236.875795,0.20399999999999993,135322859910.0,0.12126639392479416,2453.2191490985856
0.15,0.5,META3_ANY,6791,20429,1330,71450,100000,27220,72780,0.24948567229977958,0.8362270656323113,0.8362270656323113,0.7776532178190881,0.22234678218091186,0.16377293436768872,0.20429,0.7505143277002204,0.0133,0.01827425116790327,0.6999999999986,0.39999999999920005,1.7499999999999998,high,3695700000.0,181,668921700000.0,0.12,0.20999999999999996,16892765685.019203,16892765685.019203,0.20999999999999996,136654014093.0,0.12361704701570506,2525.372653483839
0.14,0.5,META3_ANY,7145,24387,976,67492,100000,31532,68468,0.2265952048712419,0.8798177564339367,0.8798177564339367,0.7345748212322729,0.26542517876772714,0.12018224356606329,0.24387,0.773404795128758,0.00976,0.014254834375182567,0.71999999999856,0.39999999999920005,1.7999999999999998,high,3695700000.0,181,668921700000.0,0.12,0.21599999999999997,17375416133.16261,17375416133.16261,0.21599999999999997,163129934979.0,0.10651273866687544,2597.5261578690915
0.13,0.5,META3_ANY,7145,24394,976,67485,100000,31539,68461,0.22654491264783283,0.8798177564339367,0.8798177564339367,0.7344986340730744,0.26550136592692564,0.12018224356606329,0.24394,0.7734550873521672,0.00976,0.014256291903419465,0.7399999999985201,0.39999999999920005,1.8499999999999999,high,3695700000.0,181,668921700000.0,0.12,0.22199999999999998,17858066581.306015,17858066581.306015,0.22199999999999998,163176759498.0,0.10944001239051995,2669.679662254344
0.12,0.5,META3_ANY,7164,24914,957,66965,100000,32078,67922,0.2233306315855103,0.8821573697820465,0.8821573697820465,0.7288390165326135,0.27116098346738643,0.11784263021795345,0.24914,0.7766693684144896,0.00957,0.01408969111628044,0.75999999999848,0.39999999999920005,1.8999999999999997,high,3695700000.0,181,668921700000.0,0.12,0.22799999999999995,18340717029.44942,18340717029.44942,0.22799999999999998,166655152338.0,0.11005190521953907,2741.8331666395966
0.11,0.5,META3_ANY,7172,25083,949,66796,100000,32255,67745,0.22235312354673695,0.8831424701391454,0.8831424701391454,0.7269996408319638,0.2730003591680362,0.11685752986085457,0.25083,0.777646876453263,0.00949,0.014008413905085245,0.77999999999844,0.39999999999920005,1.95,high,3695700000.0,181,668921700000.0,0.12,0.23399999999999999,18823367477.592827,18823367477.592827,0.23399999999999996,167785630011.0,0.11218700598113658,2813.986671024849
0.1,0.5,META3_ANY,7250,26628,871,65251,100000,33878,66122,0.21400318790955783,0.8927471986208595,0.8927471986208595,0.7101840464088638,0.28981595359113616,0.1072528013791405,0.26628,0.7859968120904421,0.00871,0.013172620307915672,0.7999999999984001,0.39999999999920005,2.0,high,3695700000.0,181,668921700000.0,0.12,0.24,19306017925.736233,19306017925.736233,0.23999999999999996,178120470276.00003,0.10838741833446376,2886.140175410101
0.09,0.5,META3_ANY,7251,26690,870,65189,100000,33941,66059,0.21363542618072537,0.8928703361654968,0.8928703361654968,0.7095092458559628,0.29049075414403724,0.10712966383450313,0.2669,0.7863645738192746,0.0087,0.013170044959808657,0.8199999999983602,0.39999999999920005,2.0500000000000003,high,3695700000.0,181,668921700000.0,0.12,0.24600000000000002,19788668373.879642,19788668373.879642,0.24600000000000002,178535201730.00003,0.11083902884208895,2958.293679795354
0.08,0.5,META3_ANY,7263,27101,858,64778,100000,34364,65636,0.21135490629728787,0.8943479867011451,0.8943479867011451,0.7050359712230215,0.2949640287769784,0.10565201329885482,0.27101,0.7886450937027122,0.00858,0.013072094582241452,0.83999999999832,0.39999999999920005,2.0999999999999996,high,3695700000.0,181,668921700000.0,0.12,0.25199999999999995,20271318822.023045,20271318822.023045,0.25199999999999995,181284469916.99997,0.11182049312499934,3030.447184180607
0.07,0.5,META3_ANY,7277,27522,844,64357,100000,34799,65201,0.20911520445989829,0.8960719123260682,0.8960719123260682,0.7004538577912254,0.29954614220877457,0.10392808767393179,0.27522,0.7908847955401017,0.00844,0.012944586739467186,0.85999999999828,0.39999999999920005,2.15,high,3695700000.0,181,668921700000.0,0.12,0.258,20753969270.166454,20753969270.166454,0.258,184100630274.00003,0.11273165789426129,3102.6006885658594
0.06,0.5,META3_ANY,7277,27524,844,64355,100000,34801,65199,0.20910318669003763,0.8960719123260682,0.8960719123260682,0.7004320900314545,0.2995679099685456,0.10392808767393179,0.27524,0.7908968133099623,0.00844,0.012944983818770227,0.8799999999982401,0.39999999999920005,2.1999999999999997,high,3695700000.0,181,668921700000.0,0.12,0.26399999999999996,21236619718.309856,21236619718.309856,0.26399999999999996,184114008708.0,0.11534494233945326,3174.7541929511117
0.05,0.5,META3_ANY,7424,30066,697,61813,100000,37490,62510,0.19802614030408108,0.9141731313877601,0.9141731313877601,0.6727652673625094,0.3272347326374906,0.08582686861223987,0.30066,0.801973859695919,0.00697,0.011150215965445529,0.8999999999982,0.39999999999920005,2.2499999999999996,high,3695700000.0,181,668921700000.0,0.12,0.26999999999999996,21719270166.453262,21719270166.453262,0.26999999999999996,201117998322.0,0.10799267269794333,3246.907697336364
0.04,0.5,META3_ANY,7485,31524,636,60355,100000,39009,60991,0.19187879720064602,0.9216845216106391,0.9216845216106391,0.656896570489448,0.3431034295105519,0.07831547838936091,0.31524,0.808121202799354,0.00636,0.010427768031348887,0.9199999999981601,0.39999999999920005,2.3,high,3695700000.0,181,668921700000.0,0.12,0.27599999999999997,22201920614.59667,22201920614.59667,0.27599999999999997,210870876708.0,0.10528680375972646,3319.0612017216167
0.03,0.5,META3_ANY,7507,32239,614,59640,100000,39746,60254,0.18887435213606402,0.924393547592661,0.924393547592661,0.6491145963713144,0.35088540362868553,0.075606452407339,0.32239,0.811125647863936,0.00614,0.010190194841836227,0.93999999999812,0.39999999999920005,2.3499999999999996,high,3695700000.0,181,668921700000.0,0.12,0.282,22684571062.740074,22684571062.740074,0.282,215653666863.0,0.10518982307475012,3391.2147061068695
0.02,0.5,META3_ANY,7771,39752,350,52127,100000,47523,52477,0.16352082149695937,0.9569018593769241,0.9569018593769241,0.5673440067915411,0.43265599320845893,0.04309814062307597,0.39752,0.8364791785030407,0.0035,0.006669588581664348,0.9599999999980801,0.39999999999920005,2.4,high,3695700000.0,181,668921700000.0,0.12,0.288,23167221510.88348,23167221510.88348,0.288,265909754184.0,0.08712437639595799,3463.368210492122
0.01,0.5,META3_ANY,7858,44406,263,47473,100000,52264,47736,0.1503520587785091,0.9676148257603744,0.9676148257603744,0.5166904298044167,0.48330957019558335,0.03238517423962566,0.44406,0.8496479412214909,0.00263,0.0055094687447628625,0.97999999999804,0.39999999999920005,2.4499999999999997,high,3695700000.0,181,668921700000.0,0.12,0.294,23649871959.026886,23649871959.026886,0.294,297041370102.0,0.07961810824837577,3535.5217148773745
0.0,0.5,META3_ANY,8121,91879,0,0,100000,100000,0,0.08121,1.0,1.0,0.0,1.0,0.0,0.91879,0.91879,0.0,,0.999999999998,0.39999999999920005,2.5,high,3695700000.0,181,668921700000.0,0.12,0.3,24132522407.17029,24132522407.17029,0.3,614598568743.0,0.03926550375235502,3607.675219262627
0.5,0.5,META3_ANY,4960,8239,3161,83640,100000,13199,86801,0.37578604439730284,0.6107622214013052,0.6107622214013052,0.9103277136233524,0.08967228637664755,0.38923777859869474,0.08239,0.6242139556026972,0.03161,0.03641663114480248,0.0,0.39999999999920005,0.0,high,3695700000.0,181,668921700000.0,0.27,0.0,0.0,0.0,0.0,55112458863.0,0.0,0.0
0.49,0.5,META3_ANY,4960,8239,3161,83640,100000,13199,86801,0.37578604439730284,0.6107622214013052,0.6107622214013052,0.9103277136233524,0.08967228637664755,0.38923777859869474,0.08239,0.6242139556026972,0.03161,0.03641663114480248,0.01999999999996002,0.39999999999920005,0.05000000000000004,high,3695700000.0,181,668921700000.0,0.27,0.01350000000000001,1085963508.322664,1085963508.322664,0.01350000000000001,55112458863.0,0.01970450113688777,162.34538486681834
0.48,0.5,META3_ANY,4993,8359,3128,83520,100000,13352,86648,0.37395146794487716,0.6148257603743381,0.6148257603743381,0.9090216480370923,0.09097835196290774,0.3851742396256619,0.08359,0.6260485320551228,0.03128,0.03610008309482042,0.03999999999992004,0.39999999999920005,0.10000000000000007,high,3695700000.0,181,668921700000.0,0.27,0.02700000000000002,2171927016.645328,2171927016.645328,0.02700000000000002,55915164903.0,0.038843255142198434,324.6907697336367
0.47,0.5,META3_ANY,4993,8360,3128,83519,100000,13353,86647,0.37392346289223394,0.6148257603743381,0.6148257603743381,0.9090107641572067,0.09098923584279324,0.3851742396256619,0.0836,0.626076537107766,0.03128,0.03610049972878461,0.05999999999988006,0.39999999999920005,0.15000000000000013,high,3695700000.0,181,668921700000.0,0.27,0.040500000000000036,3257890524.967993,3257890524.967993,0.040500000000000036,55921854120.0,0.058257913229719516,487.0361546004552
0.46,0.5,META3_ANY,5027,8488,3094,83391,100000,13515,86485,0.37195708472068073,0.6190124368920084,0.6190124368920084,0.9076176275318626,0.09238237246813744,0.38098756310799164,0.08488,0.6280429152793193,0.03094,0.03577498988263861,0.07999999999983996,0.39999999999920005,0.19999999999999987,high,3695700000.0,181,668921700000.0,0.27,0.05399999999999997,4343854033.29065,4343854033.29065,0.053999999999999965,56778073896.0,0.07650583641226114,649.3815394672725
0.45,0.5,META3_ANY,5138,8911,2983,82968,100000,14049,85951,0.36571998006975587,0.6326807043467553,0.6326807043467553,0.9030137463402954,0.0969862536597046,0.36731929565324467,0.08911,0.6342800199302442,0.02983,0.03470582075833906,0.09999999999979998,0.39999999999920005,0.24999999999999992,high,3695700000.0,181,668921700000.0,0.27,0.06749999999999998,5429817541.613315,5429817541.613315,0.06749999999999998,59607612687.0,0.09109268593133105,811.726924334091
0.44,0.5,META3_ANY,5139,8919,2982,82960,100000,14058,85942,0.36555697823303457,0.6328038418913927,0.6328038418913927,0.9029266753012114,0.09707332469878863,0.36719615810860734,0.08919,0.6344430217669654,0.02982,0.03469781945963557,0.11999999999976001,0.39999999999920005,0.3,high,3695700000.0,181,668921700000.0,0.27,0.081,6515781049.93598,6515781049.93598,0.081,59661126423.0,0.10921317515426723,974.0723092009094
0.43,0.5,META3_ANY,5143,8955,2978,82924,100000,14098,85902,0.3648035182295361,0.6332963920699421,0.6332963920699421,0.9025348556253333,0.09746514437466668,0.36670360793005785,0.08955,0.635196481770464,0.02978,0.0346674117017066,0.13999999999972002,0.39999999999920005,0.35,high,3695700000.0,181,668921700000.0,0.27,0.0945,7601744558.258643,7601744558.258643,0.0945,59901938235.0,0.12690314841627334,1136.4176940677278
0.42,0.5,META3_ANY,5187,9333,2934,82546,100000,14520,85480,0.35723140495867767,0.6387144440339859,0.6387144440339859,0.8984207490286137,0.10157925097138627,0.361285555966014,0.09333,0.6427685950413223,0.02934,0.0343238184370613,0.15999999999968004,0.39999999999920005,0.4,high,3695700000.0,181,668921700000.0,0.27,0.10800000000000001,8687708066.581306,8687708066.581306,0.10800000000000001,62430462261.0,0.1391581569628786,1298.7630789345458
0.41,0.5,META3_ANY,5187,9355,2934,82524,100000,14542,85458,0.3566909641039747,0.6387144440339859,0.6387144440339859,0.8981813036711327,0.10181869632886731,0.361285555966014,0.09355,0.6433090358960253,0.02934,0.03433265463736573,0.17999999999964006,0.39999999999920005,0.45000000000000007,high,3695700000.0,181,668921700000.0,0.27,0.12150000000000002,9773671574.90397,9773671574.90397,0.12150000000000002,62577625035.0,0.15618476363456593,1461.1084638013642
0.4,0.5,META3_ANY,5428,10565,2693,81314,100000,15993,84007,0.3393984868379916,0.6683905922915897,0.6683905922915897,0.8850118090096758,0.11498819099032423,0.3316094077084103,0.10565,0.6606015131620083,0.02693,0.03205685240515671,0.19999999999959997,0.39999999999920005,0.49999999999999983,high,3695700000.0,181,668921700000.0,0.27,0.13499999999999995,10859635083.22663,10859635083.22663,0.13499999999999995,70671577605.0,0.153663402618853,1623.453848668182
0.39,0.5,META3_ANY,5573,11292,2548,80587,100000,16865,83135,0.3304476726949303,0.6862455362640069,0.6862455362640069,0.8770992283329161,0.12290077166708388,0.3137544637359931,0.11292,0.6695523273050696,0.02548,0.030648944487881156,0.21999999999956,0.39999999999920005,0.5499999999999999,high,3695700000.0,181,668921700000.0,0.27,0.1485,11945598591.549295,11945598591.549295,0.1485,75534638364.0,0.1581472930866986,1785.7992335350004
0.38,0.5,META3_ANY,5574,11293,2547,80586,100000,16867,83133,0.33046777731665383,0.6863686738086443,0.6863686738086443,0.8770883444530306,0.12291165554696938,0.31363132619135575,0.11293,0.6695322226833462,0.02547,0.030637652917613944,0.23999999999952001,0.39999999999920005,0.6,high,3695700000.0,181,668921700000.0,0.27,0.162,13031562099.87196,13031562099.87196,0.162,75541327581.0,0.1725090426283378,1948.1446184018187
0.37,0.5,META3_ANY,5575,11303,2546,80576,100000,16878,83122,0.33031164829956156,0.6864918113532816,0.6864918113532816,0.8769795056541756,0.1230204943458244,0.31350818864671837,0.11303,0.6696883517004384,0.02546,0.030629676860518273,0.25999999999948004,0.39999999999920005,0.65,high,3695700000.0,181,668921700000.0,0.27,0.17550000000000002,14117525608.194624,14117525608.194624,0.17550000000000002,75608219751.0,0.18671945530112688,2110.4900032686373
0.36,0.5,META3_ANY,5575,11303,2546,80576,100000,16878,83122,0.33031164829956156,0.6864918113532816,0.6864918113532816,0.8769795056541756,0.1230204943458244,0.31350818864671837,0.11303,0.6696883517004384,0.02546,0.030629676860518273,0.27999999999944003,0.39999999999920005,0.7,high,3695700000.0,181,668921700000.0,0.27,0.189,15203489116.517286,15203489116.517286,0.189,75608219751.0,0.20108249032429049,2272.8353881354556
0.35,0.5,META3_ANY,5723,12329,2398,79550,100000,18052,81948,0.3170285840904055,0.7047161679596109,0.7047161679596109,0.865812644891651,0.13418735510834903,0.2952838320403891,0.12329,0.6829714159095945,0.02398,0.029262459120417826,0.2999999999994001,0.39999999999920005,0.7500000000000001,high,3695700000.0,181,668921700000.0,0.27,0.20250000000000004,16289452624.839952,16289452624.839952,0.20250000000000004,82471356393.0,0.1975164873876449,2435.1807730022742
0.34,0.5,META3_ANY,5912,13306,2209,78573,100000,19218,80782,0.3076282651680716,0.7279891638960719,0.7279891638960719,0.8551790942435159,0.14482090575648407,0.27201083610392807,0.13306,0.6923717348319284,0.02209,0.02734520066351415,0.31999999999935996,0.39999999999920005,0.7999999999999998,high,3695700000.0,181,668921700000.0,0.27,0.21599999999999997,17375416133.16261,17375416133.16261,0.21599999999999997,89006721402.00002,0.1952146518765287,2597.526157869091
0.33,0.5,META3_ANY,6057,14026,2064,77853,100000,20083,79917,0.30159836677787183,0.7458441078684891,0.7458441078684891,0.8473427007259547,0.1526572992740452,0.2541558921315109,0.14026,0.6984016332221281,0.02064,0.02582679530012388,0.33999999999931996,0.39999999999920005,0.8499999999999998,high,3695700000.0,181,668921700000.0,0.27,0.22949999999999995,18461379641.48527,18461379641.48527,0.22949999999999995,93822957642.0,0.1967682548649586,2759.8715427359093
0.32,0.5,META3_ANY,6057,14027,2064,77852,100000,20084,79916,0.3015833499302928,0.7458441078684891,0.7458441078684891,0.8473318168460693,0.15266818315393071,0.2541558921315109,0.14027,0.6984166500697072,0.02064,0.025827118474398118,0.35999999999928,0.39999999999920005,0.8999999999999999,high,3695700000.0,181,668921700000.0,0.27,0.243,19547343149.807938,19547343149.807938,0.243,93829646859.0,0.20832800510463592,2922.216927602728
0.31,0.5,META3_ANY,6057,14027,2064,77852,100000,20084,79916,0.3015833499302928,0.7458441078684891,0.7458441078684891,0.8473318168460693,0.15266818315393071,0.2541558921315109,0.14027,0.6984166500697072,0.02064,0.025827118474398118,0.37999999999924,0.39999999999920005,0.9499999999999998,high,3695700000.0,181,668921700000.0,0.27,0.25649999999999995,20633306658.130596,20633306658.130596,0.25649999999999995,93829646859.0,0.21990178316600453,3084.5623124695458
0.3,0.5,META3_ANY,6089,14248,2032,77631,100000,20337,79663,0.2994050253233024,0.7497845092968847,0.7497845092968847,0.8449264793913734,0.15507352060862656,0.2502154907031154,0.14248,0.7005949746766976,0.02032,0.025507450133688162,0.39999999999920005,0.39999999999920005,1.0,high,3695700000.0,181,668921700000.0,0.27,0.27,21719270166.453266,21719270166.453266,0.27,95307963816.0,0.22788515562439393,3246.907697336365
0.29,0.5,META3_ANY,6089,14248,2032,77631,100000,20337,79663,0.2994050253233024,0.7497845092968847,0.7497845092968847,0.8449264793913734,0.15507352060862656,0.2502154907031154,0.14248,0.7005949746766976,0.02032,0.025507450133688162,0.41999999999916005,0.39999999999920005,1.05,high,3695700000.0,181,668921700000.0,0.27,0.28350000000000003,22805233674.77593,22805233674.77593,0.28350000000000003,95307963816.0,0.23927941340561362,3409.253082203183
0.28,0.5,META3_ANY,6139,14528,1982,77351,100000,20667,79333,0.2970435960710311,0.7559413865287526,0.7559413865287526,0.8418789930234329,0.158121006976567,0.24405861347124738,0.14528,0.7029564039289689,0.01982,0.024983298249152307,0.43999999999912,0.39999999999920005,1.0999999999999999,high,3695700000.0,181,668921700000.0,0.27,0.297,23891197183.09859,23891197183.09859,0.297,97180944576.0,0.24584240549765976,3571.598467070001
0.27,0.5,META3_ANY,6139,14528,1982,77351,100000,20667,79333,0.2970435960710311,0.7559413865287526,0.7559413865287526,0.8418789930234329,0.158121006976567,0.24405861347124738,0.14528,0.7029564039289689,0.01982,0.024983298249152307,0.45999999999908,0.39999999999920005,1.1499999999999997,high,3695700000.0,181,668921700000.0,0.27,0.31049999999999994,24977160691.42125,24977160691.42125,0.31049999999999994,97180944576.0,0.25701706029300786,3733.943851936818
0.26,0.5,META3_ANY,6139,14531,1982,77348,100000,20670,79330,0.29700048379293664,0.7559413865287526,0.7559413865287526,0.8418463413837765,0.15815365861622352,0.24405861347124738,0.14531,0.7029995162070634,0.01982,0.024984243035421655,0.47999999999904003,0.39999999999920005,1.2,high,3695700000.0,181,668921700000.0,0.27,0.324,26063124199.74392,26063124199.74392,0.324,97201012227.0,0.2681363455236142,3896.2892368036382
0.25,0.5,META3_ANY,6303,15638,1818,76241,100000,21941,78059,0.2872704070005925,0.7761359438492796,0.7761359438492796,0.8297978863505262,0.17020211364947377,0.22386405615072036,0.15638,0.7127295929994075,0.01818,0.023290075455745015,0.499999999999,0.39999999999920005,1.25,high,3695700000.0,181,668921700000.0,0.27,0.3375,27149087708.06658,27149087708.06658,0.3375,104605975446.0,0.2595366812680941,4058.6346216704555
0.24,0.5,META3_ANY,6305,15692,1816,76187,100000,21997,78003,0.28662999499931807,0.7763822189385544,0.7763822189385544,0.8292101568367092,0.17078984316329085,0.22361778106144564,0.15692,0.7133700050006819,0.01816,0.023281155852980014,0.5199999999989601,0.39999999999920005,1.3,high,3695700000.0,181,668921700000.0,0.27,0.35100000000000003,28235051216.389248,28235051216.389248,0.35100000000000003,104967193164.0,0.2689892943243229,4220.980006537275
0.23,0.5,META3_ANY,6305,15693,1816,76186,100000,21998,78002,0.2866169651786526,0.7763822189385544,0.7763822189385544,0.8291992729568236,0.17080072704317636,0.22361778106144564,0.15693,0.7133830348213474,0.01816,0.023281454321684058,0.53999999999892,0.39999999999920005,1.3499999999999999,high,3695700000.0,181,668921700000.0,0.27,0.3645,29321014724.711906,29321014724.711906,0.3645,104973882381.0,0.27931723643688855,4383.325391404092
0.22,0.5,META3_ANY,6307,15699,1814,76180,100000,22006,77994,0.28660365354903206,0.7766284940278291,0.7766284940278291,0.8291339696775106,0.17086603032248937,0.22337150597217093,0.15699,0.7133963464509679,0.01814,0.023258199348667845,0.5599999999988801,0.39999999999920005,1.4,high,3695700000.0,181,668921700000.0,0.27,0.378,30406978233.034573,30406978233.034573,0.378,105014017683.0,0.2895516132410288,4545.670776270911
0.21,0.5,META3_ANY,6307,15699,1814,76180,100000,22006,77994,0.28660365354903206,0.7766284940278291,0.7766284940278291,0.8291339696775106,0.17086603032248937,0.22337150597217093,0.15699,0.7133963464509679,0.01814,0.023258199348667845,0.5799999999988401,0.39999999999920005,1.4500000000000002,high,3695700000.0,181,668921700000.0,0.27,0.39150000000000007,31492941741.35724,31492941741.35724,0.39150000000000007,105014017683.0,0.29989274228535123,4708.016161137729
0.2,0.5,META3_ANY,6404,16535,1717,75344,100000,22939,77061,0.2791752038013863,0.788572835857653,0.788572835857653,0.8200350460932313,0.1799649539067687,0.211427164142347,0.16535,0.7208247961986137,0.01717,0.02228105007721156,0.5999999999988,0.39999999999920005,1.5,high,3695700000.0,181,668921700000.0,0.27,0.405,32578905249.6799,32578905249.6799,0.405,110606203095.0,0.29454862691288464,4870.361546004548
0.19,0.5,META3_ANY,6758,19803,1363,72076,100000,26561,73439,0.25443319152140353,0.8321635266592784,0.8321635266592784,0.7844665266274121,0.21553347337258785,0.16783647334072158,0.19803,0.7455668084785965,0.01363,0.01855962090987078,0.61999999999876,0.39999999999920005,1.5499999999999998,high,3695700000.0,181,668921700000.0,0.27,0.4185,33664868758.00256,33664868758.00256,0.4185,132466564251.0,0.2541386118704926,5032.706930871364
0.18,0.5,META3_ANY,6771,20219,1350,71660,100000,26990,73010,0.25087069284920344,0.8337643147395641,0.8337643147395641,0.7799388325950435,0.22006116740495651,0.16623568526043592,0.20219,0.7491293071507966,0.0135,0.018490617723599508,0.63999999999872,0.39999999999920005,1.5999999999999999,high,3695700000.0,181,668921700000.0,0.27,0.432,34750832266.325226,34750832266.325226,0.43200000000000005,135249278523.0,0.25693913228835175,5195.052315738184
0.17,0.5,META3_ANY,6772,20223,1349,71656,100000,26995,73005,0.2508612706056677,0.8338874522842015,0.8338874522842015,0.7798952970755014,0.22010470292449852,0.16611254771579856,0.20223,0.7491387293943322,0.01349,0.018478186425587288,0.65999999999868,0.39999999999920005,1.6499999999999997,high,3695700000.0,181,668921700000.0,0.27,0.44549999999999995,35836795774.64788,35836795774.64788,0.4454999999999999,135276035391.0,0.2649160708403798,5357.397700605001
0.16,0.5,META3_ANY,6772,20230,1349,71649,100000,27002,72998,0.2507962373157544,0.8338874522842015,0.8338874522842015,0.779819109916303,0.22018089008369704,0.16611254771579856,0.2023,0.7492037626842456,0.01349,0.018479958355023425,0.6799999999986399,0.39999999999920005,1.6999999999999995,high,3695700000.0,181,668921700000.0,0.27,0.4589999999999999,36922759282.97054,36922759282.97054,0.4589999999999999,135322859910.0,0.27284938633078687,5519.743085471819
0.15,0.5,META3_ANY,6791,20429,1330,71450,100000,27220,72780,0.24948567229977958,0.8362270656323113,0.8362270656323113,0.7776532178190881,0.22234678218091186,0.16377293436768872,0.20429,0.7505143277002204,0.0133,0.01827425116790327,0.6999999999986,0.39999999999920005,1.7499999999999998,high,3695700000.0,181,668921700000.0,0.27,0.4725,38008722791.29321,38008722791.29321,0.4725,136654014093.0,0.2781383557853364,5682.088470338637
0.14,0.5,META3_ANY,7145,24387,976,67492,100000,31532,68468,0.2265952048712419,0.8798177564339367,0.8798177564339367,0.7345748212322729,0.26542517876772714,0.12018224356606329,0.24387,0.773404795128758,0.00976,0.014254834375182567,0.71999999999856,0.39999999999920005,1.7999999999999998,high,3695700000.0,181,668921700000.0,0.27,0.486,39094686299.615875,39094686299.615875,0.486,163129934979.0,0.23965366200046975,5844.433855205456
0.13,0.5,META3_ANY,7145,24394,976,67485,100000,31539,68461,0.22654491264783283,0.8798177564339367,0.8798177564339367,0.7344986340730744,0.26550136592692564,0.12018224356606329,0.24394,0.7734550873521672,0.00976,0.014256291903419465,0.7399999999985201,0.39999999999920005,1.8499999999999999,high,3695700000.0,181,668921700000.0,0.27,0.4995,40180649807.93854,40180649807.93854,0.4995,163176759498.0,0.24624002787866991,6006.779240072274
0.12,0.5,META3_ANY,7164,24914,957,66965,100000,32078,67922,0.2233306315855103,0.8821573697820465,0.8821573697820465,0.7288390165326135,0.27116098346738643,0.11784263021795345,0.24914,0.7766693684144896,0.00957,0.01408969111628044,0.75999999999848,0.39999999999920005,1.8999999999999997,high,3695700000.0,181,668921700000.0,0.27,0.5129999999999999,41266613316.26119,41266613316.26119,0.5129999999999999,166655152338.0,0.24761678674396287,6169.124624939091
0.11,0.5,META3_ANY,7172,25083,949,66796,100000,32255,67745,0.22235312354673695,0.8831424701391454,0.8831424701391454,0.7269996408319638,0.2730003591680362,0.11685752986085457,0.25083,0.777646876453263,0.00949,0.014008413905085245,0.77999999999844,0.39999999999920005,1.95,high,3695700000.0,181,668921700000.0,0.27,0.5265,42352576824.58386,42352576824.58386,0.5265,167785630011.0,0.2524207634575573,6331.47000980591
0.1,0.5,META3_ANY,7250,26628,871,65251,100000,33878,66122,0.21400318790955783,0.8927471986208595,0.8927471986208595,0.7101840464088638,0.28981595359113616,0.1072528013791405,0.26628,0.7859968120904421,0.00871,0.013172620307915672,0.7999999999984001,0.39999999999920005,2.0,high,3695700000.0,181,668921700000.0,0.27,0.54,43438540332.90653,43438540332.90653,0.54,178120470276.00003,0.24387169125254352,6493.815394672729
0.09,0.5,META3_ANY,7251,26690,870,65189,100000,33941,66059,0.21363542618072537,0.8928703361654968,0.8928703361654968,0.7095092458559628,0.29049075414403724,0.10712966383450313,0.2669,0.7863645738192746,0.0087,0.013170044959808657,0.8199999999983602,0.39999999999920005,2.0500000000000003,high,3695700000.0,181,668921700000.0,0.27,0.5535000000000001,44524503841.2292,44524503841.2292,0.5535000000000001,178535201730.00003,0.2493878148947002,6656.1607795395485
0.08,0.5,META3_ANY,7263,27101,858,64778,100000,34364,65636,0.21135490629728787,0.8943479867011451,0.8943479867011451,0.7050359712230215,0.2949640287769784,0.10565201329885482,0.27101,0.7886450937027122,0.00858,0.013072094582241452,0.83999999999832,0.39999999999920005,2.0999999999999996,high,3695700000.0,181,668921700000.0,0.27,0.567,45610467349.55185,45610467349.55185,0.567,181284469916.99997,0.2515961095312485,6818.506164406365
0.07,0.5,META3_ANY,7277,27522,844,64357,100000,34799,65201,0.20911520445989829,0.8960719123260682,0.8960719123260682,0.7004538577912254,0.29954614220877457,0.10392808767393179,0.27522,0.7908847955401017,0.00844,0.012944586739467186,0.85999999999828,0.39999999999920005,2.15,high,3695700000.0,181,668921700000.0,0.27,0.5805,46696430857.87452,46696430857.87452,0.5805,184100630274.00003,0.2536462302620879,6980.851549273182
0.06,0.5,META3_ANY,7277,27524,844,64355,100000,34801,65199,0.20910318669003763,0.8960719123260682,0.8960719123260682,0.7004320900314545,0.2995679099685456,0.10392808767393179,0.27524,0.7908968133099623,0.00844,0.012944983818770227,0.8799999999982401,0.39999999999920005,2.1999999999999997,high,3695700000.0,181,668921700000.0,0.27,0.594,47782394366.19718,47782394366.19718,0.594,184114008708.0,0.25952612026376987,7143.196934140002
0.05,0.5,META3_ANY,7424,30066,697,61813,100000,37490,62510,0.19802614030408108,0.9141731313877601,0.9141731313877601,0.6727652673625094,0.3272347326374906,0.08582686861223987,0.30066,0.801973859695919,0.00697,0.011150215965445529,0.8999999999982,0.39999999999920005,2.2499999999999996,high,3695700000.0,181,668921700000.0,0.27,0.6074999999999999,48868357874.51984,48868357874.51984,0.6074999999999999,201117998322.0,0.24298351357037248,7305.5423190068195
0.04,0.5,META3_ANY,7485,31524,636,60355,100000,39009,60991,0.19187879720064602,0.9216845216106391,0.9216845216106391,0.656896570489448,0.3431034295105519,0.07831547838936091,0.31524,0.808121202799354,0.00636,0.010427768031348887,0.9199999999981601,0.39999999999920005,2.3,high,3695700000.0,181,668921700000.0,0.27,0.621,49954321382.84251,49954321382.84251,0.621,210870876708.0,0.23689530845938453,7467.887703873638
0.03,0.5,META3_ANY,7507,32239,614,59640,100000,39746,60254,0.18887435213606402,0.924393547592661,0.924393547592661,0.6491145963713144,0.35088540362868553,0.075606452407339,0.32239,0.811125647863936,0.00614,0.010190194841836227,0.93999999999812,0.39999999999920005,2.3499999999999996,high,3695700000.0,181,668921700000.0,0.27,0.6345,51040284891.16517,51040284891.16517,0.6345,215653666863.0,0.2366771019181878,7630.233088740457
0.02,0.5,META3_ANY,7771,39752,350,52127,100000,47523,52477,0.16352082149695937,0.9569018593769241,0.9569018593769241,0.5673440067915411,0.43265599320845893,0.04309814062307597,0.39752,0.8364791785030407,0.0035,0.006669588581664348,0.9599999999980801,0.39999999999920005,2.4,high,3695700000.0,181,668921700000.0,0.27,0.648,52126248399.48784,52126248399.48784,0.648,265909754184.0,0.1960298468909055,7792.578473607276
0.01,0.5,META3_ANY,7858,44406,263,47473,100000,52264,47736,0.1503520587785091,0.9676148257603744,0.9676148257603744,0.5166904298044167,0.48330957019558335,0.03238517423962566,0.44406,0.8496479412214909,0.00263,0.0055094687447628625,0.97999999999804,0.39999999999920005,2.4499999999999997,high,3695700000.0,181,668921700000.0,0.27,0.6615,53212211907.81049,53212211907.81049,0.6615,297041370102.0,0.1791407435588455,7954.923858474092
0.0,0.5,META3_ANY,8121,91879,0,0,100000,100000,0,0.08121,1.0,1.0,0.0,1.0,0.0,0.91879,0.91879,0.0,,0.999999999998,0.39999999999920005,2.5,high,3695700000.0,181,668921700000.0,0.27,0.675,54298175416.13316,54298175416.13316,0.675,614598568743.0,0.08834738344279881,8117.269243340912
